Test,Animal,Treatment,Code,Stage,Trial,Apparatus,Date,Duration (s),Distance (m),Mean speed (m/s),Path efficiency,Q1 : entries,Q1 : time (s),Q1 : distance (m),Q2 : entries,Q2 : time (s),Q2 : distance (m),Q3 : entries,Q3 : time (s),Q3 : distance (m),Q4 : entries,Q4 : time (s),Q4 : distance (m),Platform : entries,Platform : time (s),Platform : distance (m),Platform : CIPL (m·s),Platform entry : number
1,1,A,A,Spatial,1,Pool,8/28/2023,60.0,13.942,0.232,0.108,4,24.8,5.526,1,3.7,1.212,2,4.9,1.582,5,26.6,5.622,0,0.0,0.000,37.63,0
2,1,A,A,Spatial,2,Pool,8/28/2023,55.8,13.402,0.240,0.086,4,18.4,4.280,4,13.8,3.790,3,13.8,3.178,3,9.8,2.155,1,0.0,0.000,35.78,1
3,2,A,A,Spatial,1,Pool,8/28/2023,60.0,17.971,0.300,0.034,3,15.7,4.478,3,11.9,3.748,4,11.5,4.363,5,20.9,5.382,0,0.0,0.000,44.97,0
4,2,A,A,Spatial,2,Pool,8/28/2023,30.3,8.608,0.284,0.134,2,5.5,1.572,1,2.4,0.728,2,14.4,3.706,2,8.0,2.602,1,0.0,0.000,22.59,1
5,3,A,A,Spatial,1,Pool,8/28/2023,60.0,15.412,0.257,0.100,3,10.4,2.751,5,37.7,9.086,3,10.5,3.109,1,1.3,0.466,0,0.0,0.000,43.41,0
6,3,A,A,Spatial,2,Pool,8/28/2023,11.0,3.345,0.304,0.167,2,2.1,0.480,2,8.9,2.865,0,0.0,0.000,0,0.0,0.000,1,0.0,0.000,5.23,1
7,4,A,A,Spatial,1,Pool,8/28/2023,60.0,15.753,0.263,0.014,3,11.7,3.521,2,7.0,2.226,3,15.6,4.609,5,25.6,5.397,0,0.0,0.000,45.89,0
8,4,A,A,Spatial,2,Pool,8/28/2023,60.0,15.481,0.258,0.085,5,18.9,5.228,5,19.2,4.791,3,11.5,2.769,2,10.4,2.694,0,0.0,0.000,36.06,0
9,5,A,A,Spatial,1,Pool,8/28/2023,28.7,7.730,0.269,0.109,3,6.4,2.056,3,17.0,3.542,1,2.0,0.702,2,3.3,1.430,1,0.0,0.000,14.95,1
10,5,A,A,Spatial,2,Pool,8/28/2023,60.0,18.250,0.304,0.048,4,12.2,3.738,8,26.4,7.926,6,13.4,4.134,2,8.0,2.452,0,0.0,0.000,41.00,0
11,6,A,A,Spatial,1,Pool,8/28/2023,60.0,15.317,0.255,0.048,5,29.6,6.669,3,11.6,2.942,2,9.1,2.786,3,9.7,2.921,0,0.0,0.000,34.45,0
12,6,A,A,Spatial,2,Pool,8/28/2023,5.8,1.550,0.269,0.576,1,1.1,0.287,0,0.0,0.000,0,0.0,0.000,1,4.7,1.263,1,0.0,0.000,1.77,1
13,7,A,A,Spatial,1,Pool,8/28/2023,60.0,15.072,0.251,0.048,2,5.7,2.434,3,9.8,3.064,5,34.0,5.993,4,10.5,3.581,0,0.0,0.000,54.36,0
14,7,A,A,Spatial,2,Pool,8/28/2023,34.5,9.762,0.283,0.112,2,6.4,1.376,2,6.9,2.123,3,6.1,2.408,3,15.0,3.855,1,0.0,0.000,22.37,1
15,8,A,A,Spatial,1,Pool,8/28/2023,60.0,19.627,0.327,0.043,6,19.3,6.771,4,17.9,4.493,3,10.0,3.870,5,12.8,4.493,0,0.0,0.000,40.80,0
16,8,A,A,Spatial,2,Pool,8/28/2023,29.7,9.574,0.323,0.107,3,7.1,2.424,2,7.5,2.581,2,10.3,2.858,3,4.8,1.711,1,0.0,0.000,18.81,1
17,9,A,A,Spatial,1,Pool,8/28/2023,10.4,1.826,0.176,0.290,2,8.6,1.657,0,0.0,0.000,0,0.0,0.000,1,1.7,0.169,1,0.0,0.000,3.51,1
18,9,A,A,Spatial,2,Pool,8/28/2023,60.0,21.973,0.366,0.026,3,7.9,3.328,4,11.1,4.589,6,22.2,7.806,5,18.8,6.250,0,0.0,0.000,48.17,0
19,10,A,A,Spatial,1,Pool,8/28/2023,60.0,12.359,0.206,0.058,3,14.9,3.662,4,38.0,6.828,1,7.1,1.869,0,0.0,0.000,0,0.0,0.000,37.99,0
20,10,A,A,Spatial,2,Pool,8/28/2023,60.0,13.478,0.225,0.062,8,10.4,2.870,11,36.1,8.089,3,13.6,2.519,0,0.0,0.000,0,0.0,0.000,36.14,0
21,11,A,A,Spatial,1,Pool,8/28/2023,60.0,14.366,0.239,0.015,1,3.3,1.282,4,18.1,4.081,5,36.3,8.103,1,2.3,0.900,0,0.0,0.000,55.86,0
22,11,A,A,Spatial,2,Pool,8/28/2023,60.0,18.645,0.311,0.071,3,12.8,3.936,3,8.4,2.702,3,19.3,5.421,4,19.4,6.586,0,0.0,0.000,47.48,0
23,12,A,A,Spatial,1,Pool,8/28/2023,60.0,16.176,0.270,0.009,4,16.7,5.143,5,25.1,5.168,3,11.7,3.689,3,6.5,2.176,0,0.0,0.000,40.15,0
24,12,A,A,Spatial,2,Pool,8/28/2023,60.0,15.270,0.254,0.035,4,26.9,5.908,3,10.1,3.387,3,12.4,3.061,2,10.5,2.914,0,0.0,0.000,31.95,0
25,13,A,A,Spatial,1,Pool,8/28/2023,9.2,2.450,0.265,0.204,2,7.9,1.977,0,0.0,0.000,0,0.0,0.000,1,1.3,0.473,1,0.0,0.000,2.54,1
26,13,A,A,Spatial,2,Pool,8/28/2023,20.5,7.265,0.354,0.052,4,10.0,3.738,2,6.9,2.251,0,0.0,0.000,1,3.6,1.276,1,0.0,0.000,9.79,1
27,14,A,A,Spatial,1,Pool,8/28/2023,60.0,14.389,0.240,0.039,3,4.0,1.345,1,2.8,1.056,3,18.6,3.355,5,34.6,8.633,0,0.0,0.000,50.57,0
28,14,A,A,Spatial,2,Pool,8/28/2023,26.0,8.028,0.309,0.136,2,6.7,1.949,2,5.2,1.694,2,12.4,3.678,1,1.7,0.707,1,0.0,0.000,15.62,1
29,15,A,A,Spatial,1,Pool,8/28/2023,60.0,18.071,0.301,0.062,5,20.0,5.543,4,12.4,3.925,3,11.2,3.633,4,16.4,4.970,0,0.0,0.000,40.50,0
30,15,A,A,Spatial,2,Pool,8/28/2023,45.1,9.352,0.207,0.092,3,8.1,2.258,1,4.3,1.240,1,2.7,0.959,3,30.0,4.894,1,0.0,0.000,28.33,1
31,16,A,A,Spatial,1,Pool,8/28/2023,60.0,15.437,0.257,0.052,1,4.1,1.426,4,19.0,5.562,6,29.3,6.734,3,7.6,1.715,0,0.0,0.000,52.62,0
32,16,A,A,Spatial,2,Pool,8/28/2023,60.0,13.640,0.227,0.076,3,29.9,5.629,3,13.0,2.809,2,9.7,2.643,4,7.4,2.558,0,0.0,0.000,29.17,0
33,17,A,A,Spatial,1,Pool,8/28/2023,48.5,15.058,0.310,0.061,4,14.8,5.001,2,3.7,1.643,2,2.8,1.233,4,27.2,7.182,1,0.0,0.000,29.77,1
34,17,A,A,Spatial,2,Pool,8/28/2023,30.9,8.905,0.288,0.120,3,4.5,1.074,2,1.9,0.647,4,16.3,4.492,4,8.1,2.692,1,0.0,0.000,21.34,1
35,18,A,A,Spatial,1,Pool,8/28/2023,52.8,16.332,0.310,0.058,4,12.1,4.184,4,18.7,5.276,3,13.7,4.133,3,8.1,2.740,1,0.0,0.000,37.52,1
36,18,A,A,Spatial,2,Pool,8/28/2023,7.4,2.128,0.286,0.521,1,4.1,1.107,1,3.3,1.021,0,0.0,0.000,0,0.0,0.000,1,0.0,0.000,1.92,1
37,19,A,A,Spatial,1,Pool,8/28/2023,60.0,14.667,0.244,0.022,8,29.3,7.752,6,23.7,4.641,1,3.3,0.922,3,3.7,1.352,0,0.0,0.000,30.50,0
38,19,A,A,Spatial,2,Pool,8/28/2023,60.0,16.783,0.280,0.092,4,14.2,4.202,5,22.8,5.482,3,9.6,2.911,3,13.4,4.189,0,0.0,0.000,42.41,0
39,20,A,A,Spatial,1,Pool,8/28/2023,17.0,3.431,0.202,0.164,3,11.4,2.167,0,0.0,0.000,0,0.0,0.000,3,5.6,1.265,1,0.0,0.000,6.17,1
40,20,A,A,Spatial,2,Pool,8/28/2023,60.0,17.564,0.293,0.055,5,20.1,4.981,4,12.8,3.690,4,11.5,4.281,5,15.6,4.611,0,0.0,0.000,41.04,0
41,21,A,A,Spatial,1,Pool,8/28/2023,47.5,15.402,0.324,0.071,4,12.3,3.849,4,14.8,4.980,4,11.7,4.568,4,8.7,2.005,1,0.0,0.000,32.64,1
42,21,A,A,Spatial,2,Pool,8/28/2023,23.9,7.492,0.314,0.168,1,2.0,0.383,2,11.9,3.481,3,6.5,2.351,1,3.5,1.278,1,0.0,0.000,16.44,1
43,22,A,A,Spatial,1,Pool,8/28/2023,60.0,18.734,0.312,0.018,4,14.9,4.713,4,12.9,4.617,5,18.9,4.685,4,13.2,4.718,0,0.0,0.000,43.74,0
44,22,A,A,Spatial,2,Pool,8/28/2023,3.1,0.855,0.276,0.839,1,2.2,0.619,0,0.0,0.000,0,0.0,0.000,1,0.8,0.236,1,0.0,0.000,0.08,1
45,23,A,A,Spatial,1,Pool,8/28/2023,60.0,16.749,0.279,0.047,2,9.5,2.745,4,17.2,4.319,5,15.9,5.075,4,17.5,4.610,0,0.0,0.000,46.18,0
46,23,A,A,Spatial,2,Pool,8/28/2023,60.0,13.290,0.222,0.002,1,4.3,1.320,1,3.5,1.256,2,12.4,2.673,3,39.9,8.041,0,0.0,0.000,52.59,0
47,24,A,A,Spatial,1,Pool,8/28/2023,60.0,12.126,0.202,0.099,4,20.1,3.297,1,4.7,1.238,3,4.3,1.535,5,30.9,6.056,0,0.0,0.000,41.88,0
48,24,A,A,Spatial,2,Pool,8/28/2023,60.0,13.123,0.219,0.087,7,25.3,5.588,6,17.9,2.649,2,9.3,2.282,3,7.5,2.604,0,0.0,0.000,34.16,0
49,25,A,A,Spatial,1,Pool,8/28/2023,10.6,1.802,0.170,0.318,5,8.0,1.262,0,0.0,0.000,0,0.0,0.000,4,2.6,0.540,1,0.0,0.000,3.93,1
50,25,A,A,Spatial,2,Pool,8/28/2023,60.0,16.727,0.279,0.028,5,34.7,8.876,5,13.2,3.720,2,1.8,0.743,3,10.4,3.389,0,0.0,0.000,27.03,0
51,26,A,A,Spatial,1,Pool,8/28/2023,60.0,16.681,0.278,0.082,3,10.8,3.002,2,8.9,2.308,5,18.9,5.845,6,21.3,5.527,0,0.0,0.000,46.73,0
52,26,A,A,Spatial,2,Pool,8/28/2023,6.6,1.749,0.265,0.236,2,4.2,1.092,1,2.4,0.658,0,0.0,0.000,0,0.0,0.000,1,0.0,0.000,1.61,1
53,1,A,A,Spatial,3,Pool,8/28/2023,29.7,7.370,0.248,0.090,2,13.0,2.983,2,5.4,1.345,1,4.7,1.324,1,6.7,1.717,1,0.0,0.000,19.35,1
54,1,A,A,Spatial,4,Pool,8/28/2023,21.5,7.519,0.350,0.105,3,8.4,2.861,2,4.5,1.698,1,3.6,1.332,2,4.9,1.628,1,0.0,0.000,12.44,1
55,2,A,A,Spatial,3,Pool,8/28/2023,60.0,19.234,0.321,0.060,4,15.1,4.721,5,23.6,5.827,4,11.9,4.529,3,9.4,4.157,0,0.0,0.000,46.26,0
56,2,A,A,Spatial,4,Pool,8/28/2023,60.0,15.663,0.261,0.035,4,13.7,2.752,5,28.4,7.507,4,13.9,3.890,2,4.0,1.514,0,0.0,0.000,40.72,0
57,3,A,A,Spatial,3,Pool,8/28/2023,28.7,10.567,0.368,0.115,2,5.9,2.000,2,5.6,2.083,2,6.9,2.588,3,10.3,3.896,1,0.0,0.000,20.98,1
58,3,A,A,Spatial,4,Pool,8/28/2023,60.0,20.076,0.335,0.042,4,14.2,5.142,5,13.5,4.763,5,18.2,4.873,4,14.0,5.299,0,0.0,0.000,44.59,0
59,4,A,A,Spatial,3,Pool,8/28/2023,60.0,13.427,0.224,0.088,3,17.5,3.168,3,10.6,3.255,3,11.9,2.743,3,20.0,4.261,0,0.0,0.000,42.71,0
60,4,A,A,Spatial,4,Pool,8/28/2023,15.0,4.328,0.289,0.150,2,5.2,1.510,1,6.7,1.772,0,0.0,0.000,1,3.1,1.047,1,0.0,0.000,6.22,1
61,5,A,A,Spatial,3,Pool,8/28/2023,60.0,23.880,0.398,0.069,5,14.9,5.490,4,13.5,4.867,5,16.1,6.414,5,15.6,7.109,0,0.0,0.000,48.79,0
62,5,A,A,Spatial,4,Pool,8/28/2023,60.0,17.120,0.285,0.049,5,18.5,5.117,5,20.1,5.959,3,11.9,3.672,2,9.5,2.373,0,0.0,0.000,41.81,0
63,6,A,A,Spatial,3,Pool,8/28/2023,8.0,2.392,0.298,0.391,2,4.8,1.526,1,2.3,0.634,0,0.0,0.000,1,0.9,0.232,1,0.0,0.000,1.95,1
64,6,A,A,Spatial,4,Pool,8/28/2023,33.0,9.966,0.302,0.122,3,14.8,4.124,2,6.1,2.433,2,6.5,1.755,2,5.6,1.653,1,0.0,0.000,19.20,1
65,7,A,A,Spatial,3,Pool,8/28/2023,60.0,22.966,0.383,0.068,5,13.2,5.441,5,17.4,5.863,5,13.9,5.320,5,15.5,6.342,0,0.0,0.000,45.78,0
66,7,A,A,Spatial,4,Pool,8/28/2023,7.5,2.598,0.347,0.324,1,1.6,0.424,1,1.1,0.345,1,4.4,1.652,1,0.4,0.177,1,0.0,0.000,4.26,1
67,8,A,A,Spatial,3,Pool,8/28/2023,60.0,15.452,0.258,0.034,5,28.9,7.016,1,7.2,1.811,0,0.0,0.000,4,23.9,6.624,0,0.0,0.000,34.15,0
68,8,A,A,Spatial,4,Pool,8/28/2023,58.0,15.104,0.260,0.061,3,29.4,7.035,3,9.9,2.808,3,7.9,2.177,2,10.8,3.085,1,0.0,0.000,29.92,1
69,9,A,A,Spatial,3,Pool,8/28/2023,28.3,11.000,0.388,0.079,4,4.0,1.582,5,14.3,5.287,2,5.5,2.287,1,4.5,1.844,1,0.0,0.000,18.64,1
70,9,A,A,Spatial,4,Pool,8/28/2023,33.8,11.301,0.334,0.079,3,2.3,0.819,2,4.5,1.576,3,13.5,4.331,4,13.5,4.575,1,0.0,0.000,24.43,1
71,10,A,A,Spatial,3,Pool,8/28/2023,5.2,1.436,0.278,0.578,1,0.9,0.241,2,3.9,1.118,1,0.3,0.077,0,0.0,0.000,1,0.0,0.000,2.14,1
72,10,A,A,Spatial,4,Pool,8/28/2023,2.5,0.934,0.367,0.976,1,0.8,0.276,0,0.0,0.000,0,0.0,0.000,1,1.7,0.658,1,0.0,0.000,0.08,1
73,11,A,A,Spatial,3,Pool,8/28/2023,60.0,23.366,0.389,0.013,5,12.4,5.170,4,11.2,5.048,4,14.0,5.089,5,22.4,8.060,0,0.0,0.000,49.03,0
74,11,A,A,Spatial,4,Pool,8/28/2023,37.4,11.298,0.302,0.091,2,5.6,1.469,2,4.0,1.515,4,16.5,5.116,4,11.3,3.197,1,0.0,0.000,27.94,1
75,12,A,A,Spatial,3,Pool,8/28/2023,11.5,2.714,0.235,0.320,2,6.5,1.488,0,0.0,0.000,0,0.0,0.000,2,5.0,1.226,1,0.0,0.000,3.27,1
76,12,A,A,Spatial,4,Pool,8/28/2023,26.5,8.503,0.320,0.141,3,12.0,3.190,3,6.1,1.978,2,5.5,2.018,1,2.9,1.318,1,0.0,0.000,14.04,1
77,13,A,A,Spatial,3,Pool,8/28/2023,60.0,17.986,0.300,0.060,3,5.9,2.231,6,38.3,10.791,4,12.6,3.629,1,3.2,1.335,0,0.0,0.000,44.90,0
78,13,A,A,Spatial,4,Pool,8/28/2023,60.0,17.805,0.297,0.053,1,4.0,1.355,5,15.0,4.956,6,35.1,9.793,2,5.9,1.701,0,0.0,0.000,53.49,0
79,14,A,A,Spatial,3,Pool,8/28/2023,60.0,18.791,0.313,0.013,5,22.0,5.131,3,8.7,3.447,4,7.7,3.105,5,21.6,7.109,0,0.0,0.000,38.93,0
80,14,A,A,Spatial,4,Pool,8/28/2023,19.6,6.124,0.312,0.140,2,6.5,1.969,2,4.3,1.124,3,6.9,2.425,2,1.9,0.605,1,0.0,0.000,10.34,1
81,15,A,A,Spatial,3,Pool,8/28/2023,60.0,18.415,0.307,0.075,4,15.5,5.101,5,15.7,5.129,4,16.5,4.407,4,12.3,3.778,0,0.0,0.000,44.07,0
82,15,A,A,Spatial,4,Pool,8/28/2023,55.5,16.631,0.300,0.070,5,16.8,4.817,5,17.4,5.194,4,15.5,4.677,3,5.8,1.943,1,0.0,0.000,32.58,1
83,16,A,A,Spatial,3,Pool,8/28/2023,60.0,15.770,0.263,0.021,5,18.7,6.040,3,5.3,1.374,2,16.1,3.467,3,19.8,4.890,0,0.0,0.000,44.31,0
84,16,A,A,Spatial,4,Pool,8/28/2023,60.0,16.611,0.277,0.011,2,4.9,1.881,5,23.3,5.932,5,20.3,5.441,3,11.5,3.358,0,0.0,0.000,48.47,0
85,17,A,A,Spatial,3,Pool,8/28/2023,3.5,0.733,0.208,0.681,1,3.5,0.733,0,0.0,0.000,0,0.0,0.000,0,0.0,0.000,1,0.0,0.000,0.55,1
86,17,A,A,Spatial,4,Pool,8/28/2023,10.8,3.956,0.367,0.335,1,1.1,0.353,1,1.6,0.622,2,4.1,1.327,1,4.0,1.654,1,0.0,0.000,6.10,1
87,18,A,A,Spatial,3,Pool,8/28/2023,18.9,5.170,0.274,0.208,1,1.1,0.279,1,3.3,1.168,2,9.9,2.582,2,4.6,1.140,1,0.0,0.000,16.49,1
88,18,A,A,Spatial,4,Pool,8/28/2023,60.0,19.466,0.324,0.072,5,19.7,6.571,7,13.4,4.938,5,21.0,5.874,2,5.9,2.084,0,0.0,0.000,38.24,0
89,19,A,A,Spatial,3,Pool,8/28/2023,60.0,14.316,0.239,0.089,4,18.9,4.452,5,30.3,6.651,2,7.8,1.970,1,2.9,1.244,0,0.0,0.000,37.95,0
90,19,A,A,Spatial,4,Pool,8/28/2023,60.0,10.807,0.180,0.016,2,9.7,2.709,2,44.4,6.935,0,0.0,0.000,1,5.9,1.163,0,0.0,0.000,38.20,0
91,20,A,A,Spatial,3,Pool,8/28/2023,60.0,13.849,0.231,0.026,2,6.5,2.586,2,12.1,2.902,3,34.3,5.604,2,7.1,2.756,0,0.0,0.000,53.75,0
92,20,A,A,Spatial,4,Pool,8/28/2023,60.0,10.794,0.180,0.111,1,4.7,1.424,2,30.3,3.960,2,21.0,4.080,1,4.0,1.330,0,0.0,0.000,50.42,0
93,21,A,A,Spatial,3,Pool,8/28/2023,7.5,2.043,0.272,0.282,2,5.6,1.358,0,0.0,0.000,0,0.0,0.000,1,1.9,0.685,1,0.0,0.000,2.41,1
94,21,A,A,Spatial,4,Pool,8/28/2023,60.0,19.891,0.332,0.017,6,20.6,6.262,3,7.6,3.193,4,8.2,3.116,6,23.6,7.320,0,0.0,0.000,39.22,0
95,22,A,A,Spatial,3,Pool,8/28/2023,60.0,11.315,0.189,0.078,1,4.5,1.130,2,7.0,2.121,3,38.8,6.561,2,9.7,1.503,0,0.0,0.000,58.26,0
96,22,A,A,Spatial,4,Pool,8/28/2023,60.0,13.972,0.233,0.044,4,15.2,4.341,4,9.9,2.965,2,28.9,4.196,2,6.0,2.470,0,0.0,0.000,48.62,0
97,23,A,A,Spatial,3,Pool,8/28/2023,60.0,19.322,0.322,0.054,5,18.2,5.606,3,10.3,3.589,4,10.5,4.212,6,21.0,5.915,0,0.0,0.000,41.13,0
98,23,A,A,Spatial,4,Pool,8/28/2023,20.6,5.401,0.262,0.060,3,10.5,1.888,1,2.1,0.716,1,2.1,0.824,2,5.9,1.973,1,0.0,0.000,9.29,1
99,24,A,A,Spatial,3,Pool,8/28/2023,60.0,13.409,0.223,0.059,3,8.4,2.056,6,21.4,4.626,4,26.3,5.289,1,3.9,1.437,0,0.0,0.000,47.81,0
100,24,A,A,Spatial,4,Pool,8/28/2023,60.0,15.200,0.253,0.040,5,27.5,5.666,3,9.7,3.027,3,8.9,2.755,5,14.0,3.752,0,0.0,0.000,32.07,0
101,25,A,A,Spatial,3,Pool,8/28/2023,32.1,6.741,0.210,0.091,2,2.8,0.505,2,23.4,4.070,1,4.0,1.311,1,1.9,0.855,1,0.0,0.000,21.53,1
102,25,A,A,Spatial,4,Pool,8/28/2023,60.0,15.715,0.262,0.075,7,45.3,11.354,5,8.1,2.205,1,1.6,0.558,3,5.1,1.598,0,0.0,0.000,23.57,0
103,26,A,A,Spatial,3,Pool,8/28/2023,60.0,20.825,0.347,0.031,4,11.5,3.739,5,15.9,5.684,5,16.7,6.443,5,15.9,4.959,0,0.0,0.000,48.43,0
104,26,A,A,Spatial,4,Pool,8/28/2023,60.0,17.179,0.286,0.046,2,7.3,2.446,4,18.0,4.497,6,25.9,7.199,4,8.8,3.036,0,0.0,0.000,50.05,0
105,1,A,A,Spatial,5,Pool,8/28/2023,7.7,1.918,0.249,0.661,1,1.5,0.404,0,0.0,0.000,1,5.0,1.050,1,1.2,0.464,1,0.0,0.000,3.46,1
106,1,A,A,Spatial,6,Pool,8/28/2023,3.6,1.096,0.306,0.838,1,1.1,0.315,1,2.5,0.781,0,0.0,0.000,0,0.0,0.000,1,0.0,0.000,0.56,1
107,2,A,A,Spatial,5,Pool,8/28/2023,60.0,17.067,0.284,0.047,5,21.2,5.797,5,23.6,5.748,3,7.7,2.707,3,7.5,2.815,0,0.0,0.000,38.32,0
108,2,A,A,Spatial,6,Pool,8/28/2023,31.1,10.578,0.340,0.071,3,7.9,2.865,2,6.4,2.368,2,8.4,2.457,3,8.5,2.887,1,0.0,0.000,20.86,1
109,3,A,A,Spatial,5,Pool,8/28/2023,37.0,13.498,0.365,0.078,3,5.7,2.121,4,10.8,3.794,4,8.8,3.480,3,11.6,4.103,1,0.0,0.000,24.98,1
110,3,A,A,Spatial,6,Pool,8/28/2023,25.4,8.653,0.341,0.065,3,8.5,2.656,2,9.2,3.170,1,2.8,1.194,2,4.8,1.632,1,0.0,0.000,13.86,1
111,4,A,A,Spatial,5,Pool,8/28/2023,60.0,13.129,0.219,0.120,3,33.9,5.366,1,4.5,1.145,2,5.3,1.812,5,16.3,4.805,0,0.0,0.000,32.36,0
112,4,A,A,Spatial,6,Pool,8/28/2023,60.0,13.546,0.226,0.030,6,37.3,7.461,3,9.8,2.434,0,0.0,0.000,3,12.9,3.651,0,0.0,0.000,24.63,0
113,5,A,A,Spatial,5,Pool,8/28/2023,51.3,16.529,0.322,0.080,3,6.3,2.199,4,17.5,5.031,5,18.8,5.705,3,8.7,3.595,1,0.0,0.000,41.08,1
114,5,A,A,Spatial,6,Pool,8/28/2023,34.0,11.397,0.336,0.072,4,9.4,2.992,3,13.1,3.985,2,7.4,2.909,3,4.1,1.511,1,0.0,0.000,19.07,1
115,6,A,A,Spatial,5,Pool,8/28/2023,25.5,7.348,0.288,0.055,4,13.4,4.054,1,0.0,0.000,2,0.9,0.306,4,11.2,2.988,1,0.0,0.000,10.04,1
116,6,A,A,Spatial,6,Pool,8/28/2023,60.0,16.114,0.269,0.088,5,25.4,5.362,4,15.9,4.497,3,8.7,2.746,4,10.0,3.508,0,0.0,0.000,29.82,0
117,7,A,A,Spatial,5,Pool,8/28/2023,40.7,16.284,0.400,0.068,4,13.1,4.952,4,9.0,3.645,3,8.5,3.684,3,10.1,4.004,1,0.0,0.000,25.70,1
118,7,A,A,Spatial,6,Pool,8/28/2023,7.0,1.984,0.284,0.550,1,2.8,0.739,0,0.0,0.000,0,0.0,0.000,1,4.2,1.245,1,0.0,0.000,2.43,1
119,8,A,A,Spatial,5,Pool,8/28/2023,60.0,18.425,0.307,0.062,5,33.7,9.122,4,11.6,3.916,2,6.4,2.573,3,8.3,2.815,0,0.0,0.000,33.55,0
120,8,A,A,Spatial,6,Pool,8/28/2023,60.0,13.955,0.233,0.007,4,11.3,2.878,2,10.0,2.517,2,7.2,2.432,4,31.5,6.128,0,0.0,0.000,43.27,0
121,9,A,A,Spatial,5,Pool,8/28/2023,60.0,24.185,0.403,0.053,6,12.1,5.099,6,11.0,4.723,6,19.3,7.975,6,17.6,6.388,0,0.0,0.000,45.87,0
122,9,A,A,Spatial,6,Pool,8/28/2023,60.0,19.201,0.320,0.014,3,8.1,3.060,4,13.7,4.799,6,22.8,6.681,4,15.3,4.663,0,0.0,0.000,48.38,0
123,10,A,A,Spatial,5,Pool,8/28/2023,60.0,19.580,0.326,0.016,3,9.6,3.986,4,18.7,5.988,6,15.6,5.099,4,16.1,4.507,0,0.0,0.000,46.84,0
124,10,A,A,Spatial,6,Pool,8/28/2023,60.0,14.971,0.250,0.083,6,22.9,5.980,5,20.9,5.122,2,6.1,1.495,3,10.0,2.373,0,0.0,0.000,33.92,0
125,11,A,A,Spatial,5,Pool,8/28/2023,13.1,3.061,0.234,0.171,4,10.2,2.295,3,2.8,0.765,0,0.0,0.000,0,0.0,0.000,1,0.0,0.000,3.85,1
126,11,A,A,Spatial,6,Pool,8/28/2023,5.2,1.388,0.269,0.587,1,2.0,0.464,1,3.2,0.924,0,0.0,0.000,0,0.0,0.000,1,0.0,0.000,1.24,1
127,12,A,A,Spatial,5,Pool,8/28/2023,42.3,11.702,0.277,0.034,4,15.4,3.756,6,11.0,3.238,5,10.9,3.234,3,4.9,1.473,1,0.0,0.000,23.01,1
128,12,A,A,Spatial,6,Pool,8/28/2023,25.8,8.067,0.313,0.149,3,6.9,2.093,3,6.9,2.426,2,8.0,2.167,1,3.9,1.381,1,0.0,0.000,14.74,1
129,13,A,A,Spatial,5,Pool,8/28/2023,2.0,0.610,0.305,0.914,1,1.1,0.332,0,0.0,0.000,0,0.0,0.000,1,0.8,0.279,1,0.0,0.000,0.02,1
130,13,A,A,Spatial,6,Pool,8/28/2023,12.6,4.752,0.376,0.247,1,1.6,0.381,2,5.9,2.621,2,5.1,1.750,0,0.0,0.000,1,0.0,0.000,8.06,1
131,14,A,A,Spatial,5,Pool,8/28/2023,18.2,4.511,0.248,0.177,2,8.7,2.315,0,0.0,0.000,0,0.0,0.000,2,9.5,2.195,1,0.0,0.000,7.05,1
132,14,A,A,Spatial,6,Pool,8/28/2023,9.3,3.294,0.355,0.177,1,2.8,0.917,1,1.4,0.458,1,0.9,0.426,1,4.1,1.493,1,0.0,0.000,4.94,1
133,15,A,A,Spatial,5,Pool,8/28/2023,35.7,11.658,0.327,0.060,4,14.6,4.215,3,9.3,2.690,2,6.0,2.369,2,5.7,2.384,1,0.0,0.000,22.00,1
134,15,A,A,Spatial,6,Pool,8/28/2023,60.0,16.782,0.280,0.027,3,7.1,2.500,6,23.6,6.000,5,24.8,6.799,2,4.5,1.484,0,0.0,0.000,48.92,0
135,16,A,A,Spatial,5,Pool,8/28/2023,60.0,18.536,0.309,0.018,4,12.0,4.036,6,14.6,4.515,6,18.5,4.898,4,14.9,5.087,0,0.0,0.000,43.30,0
136,16,A,A,Spatial,6,Pool,8/28/2023,60.0,13.202,0.220,0.087,2,6.1,1.755,2,10.9,2.101,4,24.1,4.715,4,18.9,4.632,0,0.0,0.000,50.07,0
137,17,A,A,Spatial,5,Pool,8/28/2023,49.3,12.710,0.258,0.057,5,14.4,2.969,1,4.0,1.262,1,5.7,1.374,5,25.2,7.105,1,0.0,0.000,31.34,1
138,17,A,A,Spatial,6,Pool,8/28/2023,14.5,3.957,0.273,0.303,2,4.4,0.827,0,0.0,0.000,1,1.7,0.651,3,8.4,2.479,1,0.0,0.000,6.45,1
139,18,A,A,Spatial,5,Pool,8/28/2023,60.0,17.433,0.291,0.064,3,6.8,2.264,3,6.3,2.167,5,21.9,5.956,5,25.1,7.047,0,0.0,0.000,48.82,0
140,18,A,A,Spatial,6,Pool,8/28/2023,60.0,15.316,0.255,0.087,5,20.7,6.120,2,5.2,1.536,3,8.8,2.067,6,25.3,5.594,0,0.0,0.000,32.33,0
141,19,A,A,Spatial,5,Pool,8/28/2023,60.0,12.652,0.211,0.115,2,12.7,2.953,3,29.2,4.187,3,14.0,3.700,2,4.2,1.811,0,0.0,0.000,44.36,0
142,19,A,A,Spatial,6,Pool,8/28/2023,3.9,1.151,0.299,0.981,1,1.2,0.279,0,0.0,0.000,0,0.0,0.000,1,2.6,0.872,1,0.0,0.000,0.07,1
143,20,A,A,Spatial,5,Pool,8/28/2023,46.0,10.330,0.225,0.091,2,3.7,0.524,1,6.1,1.557,4,15.3,3.589,4,20.8,4.661,1,0.0,0.000,37.47,1
144,20,A,A,Spatial,6,Pool,8/28/2023,27.0,7.012,0.259,0.137,2,6.9,1.639,3,12.0,3.379,1,8.1,1.993,0,0.0,0.000,1,0.0,0.000,17.64,1
145,21,A,A,Spatial,5,Pool,8/28/2023,60.0,19.316,0.322,0.015,4,11.6,4.181,3,7.5,3.156,4,16.5,4.735,5,24.4,7.245,0,0.0,0.000,48.13,0
146,21,A,A,Spatial,6,Pool,8/28/2023,12.9,4.024,0.311,0.298,2,4.8,1.635,1,3.5,1.171,1,2.5,0.346,1,2.1,0.872,1,0.0,0.000,4.64,1
147,22,A,A,Spatial,5,Pool,8/28/2023,1.7,0.597,0.342,0.997,1,0.7,0.238,0,0.0,0.000,0,0.0,0.000,1,1.1,0.359,1,0.0,0.000,0.05,1
148,22,A,A,Spatial,6,Pool,8/28/2023,26.6,8.006,0.301,0.143,2,10.8,2.656,2,5.7,2.123,1,4.5,1.154,2,5.6,2.073,1,0.0,0.000,13.80,1
149,23,A,A,Spatial,5,Pool,8/28/2023,12.7,3.210,0.253,0.276,1,2.4,0.402,1,3.1,0.966,1,2.7,0.971,1,4.5,0.871,1,0.0,0.000,7.85,1
150,23,A,A,Spatial,6,Pool,8/28/2023,8.5,2.599,0.306,0.361,1,2.0,0.563,1,3.3,0.851,1,0.2,0.074,1,3.0,1.111,1,0.0,0.000,3.33,1
151,24,A,A,Spatial,5,Pool,8/28/2023,60.0,15.206,0.253,0.095,2,12.9,3.083,3,17.3,3.965,4,15.4,4.171,3,14.4,3.986,0,0.0,0.000,47.06,0
152,24,A,A,Spatial,6,Pool,8/28/2023,60.0,13.885,0.231,0.081,4,27.1,5.319,3,8.7,2.820,2,9.2,2.332,3,15.1,3.414,0,0.0,0.000,32.73,0
153,25,A,A,Spatial,5,Pool,8/28/2023,14.6,2.941,0.201,0.214,2,11.8,2.226,0,0.0,0.000,0,0.0,0.000,1,2.8,0.715,1,0.0,0.000,5.29,1
154,25,A,A,Spatial,6,Pool,8/28/2023,60.0,20.845,0.347,0.080,6,17.1,5.656,7,18.4,6.372,5,15.2,5.191,3,9.3,3.626,0,0.0,0.000,37.58,0
155,26,A,A,Spatial,5,Pool,8/28/2023,60.0,12.822,0.214,0.110,2,9.2,2.284,6,12.5,2.876,8,29.9,5.944,4,8.4,1.718,0,0.0,0.000,49.65,0
156,26,A,A,Spatial,6,Pool,8/28/2023,60.0,13.567,0.226,0.069,4,12.5,3.216,4,26.0,4.997,3,13.3,3.259,3,8.2,2.096,0,0.0,0.000,40.26,0
157,1,A,A,Spatial,7,Pool,8/29/2023,8.2,2.318,0.283,0.473,1,1.1,0.345,0,0.0,0.000,1,2.0,0.283,2,5.1,1.689,1,0.0,0.000,5.23,1
158,1,A,A,Spatial,8,Pool,8/29/2023,27.2,8.947,0.329,0.102,3,7.6,2.546,3,12.3,3.628,2,3.7,1.357,1,3.6,1.416,1,0.0,0.000,16.83,1
159,2,A,A,Spatial,7,Pool,8/29/2023,60.0,16.781,0.280,0.071,6,20.6,5.456,2,7.6,2.303,3,8.0,2.776,6,23.8,6.246,0,0.0,0.000,38.66,0
160,2,A,A,Spatial,8,Pool,8/29/2023,60.0,16.724,0.279,0.052,6,22.0,4.945,7,23.1,7.292,3,7.8,2.224,2,7.1,2.263,0,0.0,0.000,32.84,0
161,3,A,A,Spatial,7,Pool,8/29/2023,60.0,17.093,0.285,0.058,6,20.3,5.705,5,20.4,5.279,3,10.3,3.034,4,9.0,3.075,0,0.0,0.000,33.81,0
162,3,A,A,Spatial,8,Pool,8/29/2023,15.0,5.112,0.340,0.092,2,4.7,1.556,1,2.7,1.010,1,3.9,1.204,2,3.8,1.343,1,0.0,0.000,9.43,1
163,4,A,A,Spatial,7,Pool,8/29/2023,13.2,2.396,0.181,0.398,1,1.1,0.307,0,0.0,0.000,2,6.3,1.171,2,5.8,0.918,1,0.0,0.000,9.79,1
164,4,A,A,Spatial,8,Pool,8/29/2023,33.6,11.388,0.339,0.066,3,8.9,3.058,3,10.0,3.175,2,5.7,2.363,2,8.9,2.791,1,0.0,0.000,23.98,1
165,5,A,A,Spatial,7,Pool,8/29/2023,60.0,20.964,0.349,0.040,5,14.4,5.014,6,18.4,6.594,6,12.9,4.720,4,14.3,4.636,0,0.0,0.000,42.56,0
166,5,A,A,Spatial,8,Pool,8/29/2023,60.0,18.645,0.311,0.031,5,15.6,4.106,6,27.9,8.205,3,9.6,3.784,3,6.9,2.550,0,0.0,0.000,39.67,0
167,6,A,A,Spatial,7,Pool,8/29/2023,18.1,4.178,0.231,0.193,1,6.3,1.645,1,7.7,1.268,1,1.2,0.246,1,2.9,1.019,1,0.0,0.000,8.42,1
168,6,A,A,Spatial,8,Pool,8/29/2023,16.9,5.599,0.331,0.209,2,5.9,1.980,1,0.9,0.408,2,3.2,0.799,2,6.9,2.411,1,0.0,0.000,8.74,1
169,7,A,A,Spatial,7,Pool,8/29/2023,11.6,3.205,0.276,0.119,2,4.5,1.167,1,7.1,2.039,0,0.0,0.000,0,0.0,0.000,1,0.0,0.000,6.01,1
170,7,A,A,Spatial,8,Pool,8/29/2023,19.4,6.617,0.342,0.092,3,8.7,2.550,2,4.8,1.715,1,1.9,0.818,2,3.9,1.533,1,0.0,0.000,8.90,1
171,8,A,A,Spatial,7,Pool,8/29/2023,27.3,7.643,0.280,0.089,2,10.3,2.178,1,8.5,2.720,1,3.1,1.278,2,5.4,1.466,1,0.0,0.000,16.59,1
172,8,A,A,Spatial,8,Pool,8/29/2023,60.0,16.712,0.279,0.075,4,28.0,7.545,3,6.2,1.763,2,5.2,1.853,4,20.6,5.550,0,0.0,0.000,33.81,0
173,9,A,A,Spatial,7,Pool,8/29/2023,60.0,21.036,0.351,0.056,6,17.9,6.122,7,23.5,8.096,4,8.2,3.241,3,10.4,3.577,0,0.0,0.000,34.78,0
174,9,A,A,Spatial,8,Pool,8/29/2023,40.1,13.072,0.326,0.069,3,9.7,2.855,2,12.9,4.131,2,8.8,2.696,3,8.7,3.390,1,0.0,0.000,24.50,1
175,10,A,A,Spatial,7,Pool,8/29/2023,60.0,17.584,0.293,0.010,3,7.7,3.082,4,10.8,3.673,5,30.5,7.152,3,10.9,3.677,0,0.0,0.000,52.71,0
176,10,A,A,Spatial,8,Pool,8/29/2023,60.0,16.376,0.273,0.066,6,18.9,5.397,5,20.6,4.950,3,12.2,3.458,4,8.3,2.571,0,0.0,0.000,36.68,0
177,11,A,A,Spatial,7,Pool,8/29/2023,24.2,9.181,0.380,0.061,3,8.2,2.932,2,7.5,2.757,1,2.9,1.291,2,5.6,2.202,1,0.0,0.000,13.01,1
178,11,A,A,Spatial,8,Pool,8/29/2023,10.0,4.032,0.402,0.272,2,2.5,0.836,0,0.0,0.000,2,2.8,1.041,3,4.7,2.156,1,0.0,0.000,4.82,1
179,12,A,A,Spatial,7,Pool,8/29/2023,10.6,2.661,0.252,0.182,2,6.6,1.579,0,0.0,0.000,0,0.0,0.000,1,3.9,1.082,1,0.0,0.000,4.04,1
180,12,A,A,Spatial,8,Pool,8/29/2023,11.9,3.612,0.303,0.155,2,6.2,1.658,1,0.8,0.282,1,0.9,0.322,1,4.0,1.349,1,0.0,0.000,4.03,1
181,13,A,A,Spatial,7,Pool,8/29/2023,60.0,23.218,0.387,0.065,5,17.3,6.779,4,15.9,5.827,3,7.6,3.733,5,19.2,6.880,0,0.0,0.000,42.11,0
182,13,A,A,Spatial,8,Pool,8/29/2023,15.3,6.773,0.442,0.130,2,3.5,1.441,2,3.5,1.725,2,5.5,2.484,2,2.8,1.124,1,0.0,0.000,10.11,1
183,14,A,A,Spatial,7,Pool,8/29/2023,9.6,2.937,0.306,0.233,1,2.5,0.720,1,1.6,0.698,1,3.1,0.748,1,2.4,0.771,1,0.0,0.000,4.10,1
184,14,A,A,Spatial,8,Pool,8/29/2023,13.1,4.098,0.312,0.082,3,7.7,2.407,1,3.2,0.944,0,0.0,0.000,1,2.3,0.747,1,0.0,0.000,4.06,1
185,15,A,A,Spatial,7,Pool,8/29/2023,18.4,7.077,0.385,0.068,3,8.9,2.859,1,2.7,1.248,1,3.1,1.313,2,3.7,1.656,1,0.0,0.000,11.51,1
186,15,A,A,Spatial,8,Pool,8/29/2023,42.4,14.924,0.352,0.055,4,16.4,5.382,2,6.8,2.575,3,7.1,2.670,4,12.1,4.298,1,0.0,0.000,26.86,1
187,16,A,A,Spatial,7,Pool,8/29/2023,19.8,5.310,0.268,0.073,2,3.7,0.642,2,8.1,2.395,1,8.0,2.272,0,0.0,0.000,1,0.0,0.000,15.35,1
188,16,A,A,Spatial,8,Pool,8/29/2023,38.7,11.931,0.308,0.085,3,8.4,2.686,2,6.4,2.267,3,10.9,3.138,3,13.1,3.840,1,0.0,0.000,28.27,1
189,17,A,A,Spatial,7,Pool,8/29/2023,60.0,20.112,0.335,0.064,6,19.6,6.153,5,16.2,5.421,4,12.3,4.261,4,12.0,4.276,0,0.0,0.000,37.79,0
190,17,A,A,Spatial,8,Pool,8/29/2023,41.1,13.248,0.323,0.097,3,12.3,3.751,5,17.3,5.827,4,7.7,2.330,1,3.7,1.340,1,0.0,0.000,23.66,1
191,18,A,A,Spatial,7,Pool,8/29/2023,12.6,2.782,0.222,0.372,1,0.8,0.255,1,3.2,1.139,1,8.5,1.388,0,0.0,0.000,1,0.0,0.000,9.47,1
192,18,A,A,Spatial,8,Pool,8/29/2023,36.8,13.039,0.354,0.069,5,12.4,4.560,4,11.2,3.719,2,3.0,1.256,4,10.2,3.503,1,0.0,0.000,20.15,1
193,19,A,A,Spatial,7,Pool,8/29/2023,60.0,18.115,0.302,0.021,5,21.4,5.036,4,18.1,5.159,3,8.8,3.800,3,11.7,4.121,0,0.0,0.000,41.89,0
194,19,A,A,Spatial,8,Pool,8/29/2023,54.1,13.904,0.257,0.037,5,23.8,5.213,3,8.8,2.473,2,10.3,2.600,3,11.2,3.619,1,0.0,0.000,35.09,1
195,20,A,A,Spatial,7,Pool,8/29/2023,15.9,3.760,0.237,0.240,1,1.9,0.396,1,3.8,0.609,1,6.4,1.540,1,3.9,1.215,1,0.0,0.000,10.79,1
196,20,A,A,Spatial,8,Pool,8/29/2023,60.0,17.486,0.291,0.047,4,13.2,4.074,4,10.2,3.049,5,16.5,4.740,5,20.1,5.623,0,0.0,0.000,42.92,0
197,21,A,A,Spatial,7,Pool,8/29/2023,9.0,2.436,0.270,0.280,2,4.4,1.394,2,4.6,1.042,0,0.0,0.000,0,0.0,0.000,1,0.0,0.000,2.66,1
198,21,A,A,Spatial,8,Pool,8/29/2023,60.0,20.282,0.338,0.046,4,15.5,5.779,4,17.1,5.127,5,16.9,5.251,5,10.6,4.125,0,0.0,0.000,42.80,0
199,22,A,A,Spatial,7,Pool,8/29/2023,60.0,15.953,0.266,0.086,3,12.4,3.973,3,13.6,3.622,3,21.2,5.099,3,12.8,3.258,0,0.0,0.000,46.06,0
200,22,A,A,Spatial,8,Pool,8/29/2023,49.7,12.573,0.253,0.046,3,16.0,3.546,2,9.6,2.519,2,3.9,1.245,3,20.2,5.263,1,0.0,0.000,29.15,1
201,23,A,A,Spatial,7,Pool,8/29/2023,60.0,19.719,0.329,0.011,4,12.4,4.577,5,17.6,5.444,3,15.1,4.201,3,14.9,5.497,0,0.0,0.000,45.30,0
202,23,A,A,Spatial,8,Pool,8/29/2023,18.5,6.800,0.368,0.184,2,4.7,1.591,2,4.1,1.540,2,5.5,2.258,1,4.1,1.410,1,0.0,0.000,11.32,1
203,24,A,A,Spatial,7,Pool,8/29/2023,57.3,16.859,0.294,0.036,5,15.5,4.796,1,2.9,1.163,2,8.9,2.509,6,30.0,8.391,1,0.0,0.000,38.86,1
204,24,A,A,Spatial,8,Pool,8/29/2023,7.1,2.378,0.337,0.236,2,2.1,0.435,1,2.2,0.923,1,1.3,0.529,1,1.3,0.490,1,0.0,0.000,3.08,1
205,25,A,A,Spatial,7,Pool,8/29/2023,18.9,5.989,0.318,0.087,3,7.5,2.262,3,7.5,2.349,1,0.9,0.330,1,2.9,1.048,1,0.0,0.000,9.32,1
206,25,A,A,Spatial,8,Pool,8/29/2023,7.5,2.896,0.385,0.317,1,0.9,0.280,1,3.5,1.394,2,2.6,0.992,1,0.5,0.231,1,0.0,0.000,3.55,1
207,26,A,A,Spatial,7,Pool,8/29/2023,60.0,18.421,0.307,0.019,3,11.6,3.922,3,11.0,3.226,5,19.7,5.694,4,17.7,5.579,0,0.0,0.000,49.47,0
208,26,A,A,Spatial,8,Pool,8/29/2023,7.2,2.419,0.336,0.522,1,2.3,0.634,0,0.0,0.000,1,1.8,0.614,1,3.1,1.170,1,0.0,0.000,2.09,1
209,1,A,A,Spatial,9,Pool,8/29/2023,21.5,6.697,0.311,0.169,2,4.9,1.655,2,4.1,1.415,2,2.8,0.779,1,9.6,2.847,1,0.0,0.000,12.11,1
210,1,A,A,Spatial,10,Pool,8/29/2023,9.4,3.411,0.362,0.174,2,8.1,2.906,0,0.0,0.000,0,0.0,0.000,1,1.3,0.505,1,0.0,0.000,2.38,1
211,2,A,A,Spatial,9,Pool,8/29/2023,35.9,9.550,0.266,0.066,4,12.1,2.501,3,10.0,2.839,2,3.1,0.747,3,10.6,3.463,1,0.0,0.000,21.22,1
212,2,A,A,Spatial,10,Pool,8/29/2023,31.3,9.556,0.305,0.125,3,10.8,3.036,3,11.4,3.149,2,4.3,1.649,2,4.8,1.722,1,0.0,0.000,17.69,1
213,3,A,A,Spatial,9,Pool,8/29/2023,45.0,15.823,0.352,0.038,6,16.0,5.489,4,8.6,2.642,3,6.3,2.189,5,14.1,5.503,1,0.0,0.000,23.84,1
214,3,A,A,Spatial,10,Pool,8/29/2023,34.9,10.481,0.300,0.112,4,20.8,5.985,3,6.1,1.771,2,2.8,0.968,3,5.2,1.756,1,0.0,0.000,13.68,1
215,4,A,A,Spatial,9,Pool,8/29/2023,49.0,15.917,0.325,0.057,5,22.1,6.264,2,4.4,1.751,3,5.7,2.397,6,16.8,5.505,1,0.0,0.000,26.55,1
216,4,A,A,Spatial,10,Pool,8/29/2023,5.5,1.375,0.248,0.734,1,2.1,0.577,1,3.4,0.798,0,0.0,0.000,0,0.0,0.000,1,0.0,0.000,1.21,1
217,5,A,A,Spatial,9,Pool,8/29/2023,52.9,21.382,0.404,0.056,6,13.6,5.326,6,17.2,6.118,5,12.2,5.897,5,9.8,4.041,1,0.0,0.000,35.80,1
218,5,A,A,Spatial,10,Pool,8/29/2023,31.5,10.018,0.318,0.062,4,16.6,5.316,4,11.0,3.342,1,3.6,1.247,1,0.3,0.112,1,0.0,0.000,13.50,1
219,6,A,A,Spatial,9,Pool,8/29/2023,15.5,3.391,0.219,0.154,2,12.0,2.576,1,3.5,0.815,0,0.0,0.000,0,0.0,0.000,1,0.0,0.000,4.51,1
220,6,A,A,Spatial,10,Pool,8/29/2023,11.0,3.550,0.324,0.250,2,6.8,2.181,1,1.9,0.608,0,0.0,0.000,1,2.3,0.760,1,0.0,0.000,2.93,1
221,7,A,A,Spatial,9,Pool,8/29/2023,6.2,2.154,0.350,0.368,1,0.8,0.255,1,2.7,0.829,1,1.7,0.713,1,0.9,0.357,1,0.0,0.000,3.19,1
222,7,A,A,Spatial,10,Pool,8/29/2023,22.7,8.521,0.376,0.072,3,17.2,6.407,1,0.2,0.067,1,0.7,0.239,3,4.6,1.808,1,0.0,0.000,6.08,1
223,8,A,A,Spatial,9,Pool,8/29/2023,18.2,5.401,0.297,0.185,3,7.6,2.406,1,2.7,0.896,0,0.0,0.000,2,7.9,2.099,1,0.0,0.000,8.42,1
224,8,A,A,Spatial,10,Pool,8/29/2023,5.5,1.856,0.335,0.639,1,2.9,0.826,0,0.0,0.000,0,0.0,0.000,1,2.6,1.031,1,0.0,0.000,0.70,1
225,9,A,A,Spatial,9,Pool,8/29/2023,60.0,20.524,0.342,0.036,4,14.4,4.902,5,13.1,4.898,6,19.3,5.933,5,13.2,4.790,0,0.0,0.000,42.79,0
226,9,A,A,Spatial,10,Pool,8/29/2023,12.7,3.554,0.280,0.239,1,8.1,2.302,1,4.5,1.252,0,0.0,0.000,0,0.0,0.000,1,0.0,0.000,3.11,1
227,10,A,A,Spatial,9,Pool,8/29/2023,1.5,0.319,0.220,0.964,1,1.4,0.319,0,0.0,0.000,0,0.0,0.000,0,0.0,0.000,1,0.0,0.000,0.03,1
228,10,A,A,Spatial,10,Pool,8/29/2023,19.8,6.706,0.339,0.125,3,8.4,2.597,2,3.6,1.320,1,3.2,1.078,2,4.6,1.711,1,0.0,0.000,9.01,1
229,11,A,A,Spatial,9,Pool,8/29/2023,60.0,21.562,0.359,0.065,8,27.5,9.849,4,11.2,3.393,4,7.4,2.539,7,14.0,5.782,0,0.0,0.000,30.52,0
230,11,A,A,Spatial,10,Pool,8/29/2023,6.1,2.122,0.347,0.217,2,4.5,1.610,1,1.6,0.512,0,0.0,0.000,0,0.0,0.000,1,0.0,0.000,1.42,1
231,12,A,A,Spatial,9,Pool,8/29/2023,21.5,5.540,0.258,0.099,3,9.6,2.628,3,11.9,2.912,0,0.0,0.000,0,0.0,0.000,1,0.0,0.000,7.93,1
232,12,A,A,Spatial,10,Pool,8/29/2023,3.0,0.775,0.255,0.853,1,1.5,0.362,1,1.6,0.413,0,0.0,0.000,0,0.0,0.000,1,0.0,0.000,0.12,1
233,13,A,A,Spatial,9,Pool,8/29/2023,5.8,2.295,0.395,0.508,1,1.3,0.450,1,2.5,1.140,1,1.9,0.704,0,0.0,0.000,1,0.0,0.000,2.37,1
234,13,A,A,Spatial,10,Pool,8/29/2023,60.0,22.674,0.378,0.066,6,24.8,9.444,5,16.5,5.560,3,7.5,3.109,5,11.2,4.561,0,0.0,0.000,36.02,0
235,14,A,A,Spatial,9,Pool,8/29/2023,1.9,0.457,0.237,0.740,1,1.9,0.457,0,0.0,0.000,0,0.0,0.000,0,0.0,0.000,1,0.0,0.000,0.17,1
236,14,A,A,Spatial,10,Pool,8/29/2023,5.7,1.984,0.347,0.514,1,4.0,1.317,1,0.1,0.065,1,1.6,0.602,0,0.0,0.000,1,0.0,0.000,0.72,1
237,15,A,A,Spatial,9,Pool,8/29/2023,15.3,5.575,0.364,0.159,2,9.7,3.346,1,0.7,0.310,1,0.4,0.190,2,4.5,1.729,1,0.0,0.000,4.86,1
238,15,A,A,Spatial,10,Pool,8/29/2023,7.6,2.938,0.388,0.342,2,4.1,1.537,1,2.2,0.979,0,0.0,0.000,1,1.2,0.422,1,0.0,0.000,2.04,1
239,16,A,A,Spatial,9,Pool,8/29/2023,32.9,11.425,0.348,0.079,4,7.6,2.506,4,9.9,3.411,3,8.2,2.783,3,7.1,2.725,1,0.0,0.000,20.09,1
240,16,A,A,Spatial,10,Pool,8/29/2023,19.6,5.988,0.305,0.144,4,4.4,1.316,4,8.3,2.717,1,5.3,1.566,1,1.6,0.390,1,0.0,0.000,10.78,1
241,17,A,A,Spatial,9,Pool,8/29/2023,44.1,15.434,0.350,0.031,5,12.8,4.562,3,8.7,3.105,3,7.5,2.744,5,15.1,5.023,1,0.0,0.000,27.41,1
242,17,A,A,Spatial,10,Pool,8/29/2023,3.2,0.976,0.305,0.937,1,0.9,0.257,1,2.3,0.719,0,0.0,0.000,0,0.0,0.000,1,0.0,0.000,0.20,1
243,18,A,A,Spatial,9,Pool,8/29/2023,5.4,1.891,0.353,0.672,1,0.9,0.307,1,1.6,0.692,1,2.8,0.892,0,0.0,0.000,1,0.0,0.000,2.21,1
244,18,A,A,Spatial,10,Pool,8/29/2023,33.6,13.175,0.392,0.053,4,10.7,4.020,4,8.1,3.208,3,8.6,3.369,3,6.2,2.579,1,0.0,0.000,20.01,1
245,19,A,A,Spatial,9,Pool,8/29/2023,60.0,16.741,0.279,0.041,3,7.8,1.607,4,17.2,5.164,4,13.9,5.077,3,21.1,4.893,0,0.0,0.000,50.23,0
246,19,A,A,Spatial,10,Pool,8/29/2023,52.1,12.521,0.240,0.100,4,17.9,3.855,2,6.1,2.467,2,7.5,2.310,3,20.7,3.888,1,0.0,0.000,33.05,1
247,20,A,A,Spatial,9,Pool,8/29/2023,60.0,16.850,0.281,0.029,4,11.3,3.362,5,20.5,5.615,5,16.5,4.207,4,11.6,3.666,0,0.0,0.000,40.70,0
248,20,A,A,Spatial,10,Pool,8/29/2023,16.9,4.244,0.251,0.131,3,15.1,3.706,1,1.5,0.405,0,0.0,0.000,1,0.4,0.133,1,0.0,0.000,3.76,1
249,21,A,A,Spatial,9,Pool,8/29/2023,60.0,20.799,0.347,0.055,6,20.0,6.213,6,16.2,5.727,3,10.4,3.751,4,13.4,5.108,0,0.0,0.000,37.66,0
250,21,A,A,Spatial,10,Pool,8/29/2023,60.0,17.239,0.287,0.083,6,20.5,5.581,6,20.1,5.825,3,10.8,3.183,4,8.6,2.649,0,0.0,0.000,36.32,0
251,22,A,A,Spatial,9,Pool,8/29/2023,60.0,17.244,0.287,0.085,2,4.9,1.821,3,9.7,2.604,6,25.9,7.307,5,19.4,5.512,0,0.0,0.000,51.33,0
252,22,A,A,Spatial,10,Pool,8/29/2023,60.0,16.940,0.282,0.055,4,13.1,3.734,3,13.6,3.382,4,10.5,3.344,6,22.8,6.480,0,0.0,0.000,38.83,0
253,23,A,A,Spatial,9,Pool,8/29/2023,21.4,7.542,0.352,0.073,2,4.7,1.676,2,3.9,1.417,2,5.9,2.211,2,7.0,2.238,1,0.0,0.000,14.47,1
254,23,A,A,Spatial,10,Pool,8/29/2023,32.3,9.785,0.303,0.086,3,7.7,2.649,2,3.9,1.313,3,6.2,1.873,3,14.5,3.949,1,0.0,0.000,19.49,1
255,24,A,A,Spatial,9,Pool,8/29/2023,6.0,1.662,0.276,0.504,1,3.9,0.973,1,2.2,0.689,0,0.0,0.000,0,0.0,0.000,1,0.0,0.000,0.80,1
256,24,A,A,Spatial,10,Pool,8/29/2023,25.0,7.349,0.294,0.141,2,8.0,2.093,1,4.8,1.299,1,2.3,0.982,2,9.9,2.974,1,0.0,0.000,13.18,1
257,25,A,A,Spatial,9,Pool,8/29/2023,11.8,4.017,0.340,0.230,2,1.6,0.507,2,6.9,2.595,1,3.3,0.915,0,0.0,0.000,1,0.0,0.000,7.22,1
258,25,A,A,Spatial,10,Pool,8/29/2023,3.1,1.177,0.376,0.897,1,1.2,0.427,0,0.0,0.000,0,0.0,0.000,1,1.9,0.750,1,0.0,0.000,0.20,1
259,26,A,A,Spatial,9,Pool,8/29/2023,44.4,12.504,0.282,0.040,3,8.0,2.603,3,11.6,2.762,3,18.1,4.392,2,6.7,2.747,1,0.0,0.000,38.56,1
260,26,A,A,Spatial,10,Pool,8/29/2023,46.7,13.657,0.292,0.053,6,16.7,4.321,5,10.6,3.475,5,9.2,2.630,6,10.2,3.231,1,0.0,0.000,25.01,1
261,1,A,A,Spatial,11,Pool,8/29/2023,26.2,7.914,0.302,0.073,3,10.3,3.480,1,0.7,0.124,1,3.7,1.167,3,11.5,3.143,1,0.0,0.000,13.11,1
262,1,A,A,Spatial,12,Pool,8/29/2023,3.1,0.802,0.257,0.896,1,1.6,0.395,1,1.5,0.407,0,0.0,0.000,0,0.0,0.000,1,0.0,0.000,0.07,1
263,2,A,A,Spatial,11,Pool,8/29/2023,20.7,5.423,0.262,0.120,2,6.7,1.507,1,6.1,1.071,1,3.9,1.363,2,4.1,1.481,1,0.0,0.000,13.23,1
264,2,A,A,Spatial,12,Pool,8/29/2023,45.7,13.603,0.298,0.055,4,11.6,3.237,2,5.5,1.942,3,6.9,2.336,5,21.8,6.088,1,0.0,0.000,31.26,1
265,3,A,A,Spatial,11,Pool,8/29/2023,10.8,3.266,0.302,0.166,1,4.1,1.048,1,6.7,2.218,0,0.0,0.000,0,0.0,0.000,1,0.0,0.000,4.70,1
266,3,A,A,Spatial,12,Pool,8/29/2023,21.8,6.264,0.287,0.168,3,5.6,1.282,2,6.9,1.740,3,5.8,1.975,2,3.5,1.267,1,0.0,0.000,9.79,1
267,4,A,A,Spatial,11,Pool,8/29/2023,9.5,3.204,0.337,0.285,2,3.6,1.141,0,0.0,0.000,1,1.0,0.262,2,4.9,1.801,1,0.0,0.000,3.45,1
268,4,A,A,Spatial,12,Pool,8/29/2023,12.1,3.679,0.304,0.339,1,6.1,1.767,1,2.5,0.973,1,3.4,0.938,0,0.0,0.000,1,0.0,0.000,4.90,1
269,5,A,A,Spatial,11,Pool,8/29/2023,24.8,10.707,0.432,0.064,3,6.1,2.533,3,6.7,2.850,3,5.1,2.382,3,6.8,2.943,1,0.0,0.000,15.65,1
270,5,A,A,Spatial,12,Pool,8/29/2023,11.7,3.417,0.293,0.212,2,8.4,2.355,2,3.2,1.062,0,0.0,0.000,0,0.0,0.000,1,0.0,0.000,2.21,1
271,6,A,A,Spatial,11,Pool,8/29/2023,15.1,4.463,0.295,0.302,1,2.4,0.706,1,6.7,2.015,2,3.3,0.767,1,2.8,0.976,1,0.0,0.000,6.38,1
272,6,A,A,Spatial,12,Pool,8/29/2023,33.9,9.741,0.288,0.066,4,13.0,4.043,2,7.6,1.865,1,4.0,1.253,3,9.2,2.580,1,0.0,0.000,17.40,1
273,7,A,A,Spatial,11,Pool,8/29/2023,9.4,3.361,0.356,0.203,1,7.1,2.487,0,0.0,0.000,0,0.0,0.000,1,2.4,0.874,1,0.0,0.000,2.62,1
274,7,A,A,Spatial,12,Pool,8/29/2023,11.1,4.240,0.381,0.206,2,6.5,2.324,0,0.0,0.000,0,0.0,0.000,2,4.6,1.916,1,0.0,0.000,2.94,1
275,8,A,A,Spatial,11,Pool,8/29/2023,18.1,6.416,0.354,0.159,2,8.0,2.571,1,2.1,0.786,2,4.6,1.720,2,3.4,1.339,1,0.0,0.000,8.29,1
276,8,A,A,Spatial,12,Pool,8/29/2023,10.6,3.564,0.337,0.111,2,5.2,1.513,1,2.8,1.077,1,2.0,0.747,1,0.5,0.227,1,0.0,0.000,5.04,1
277,9,A,A,Spatial,11,Pool,8/29/2023,8.0,2.951,0.368,0.361,1,1.1,0.362,0,0.0,0.000,0,0.0,0.000,1,6.9,2.588,1,0.0,0.000,4.09,1
278,9,A,A,Spatial,12,Pool,8/29/2023,60.0,18.846,0.314,0.019,6,29.1,8.280,1,2.9,1.268,1,2.9,1.284,5,25.1,8.015,0,0.0,0.000,31.78,0
279,10,A,A,Spatial,11,Pool,8/29/2023,8.0,2.419,0.304,0.541,1,3.3,0.827,1,3.1,1.063,1,1.6,0.529,0,0.0,0.000,1,0.0,0.000,1.77,1
280,10,A,A,Spatial,12,Pool,8/29/2023,19.2,5.464,0.284,0.197,2,6.3,1.670,2,6.4,1.829,2,4.8,1.515,1,1.7,0.450,1,0.0,0.000,8.64,1
281,11,A,A,Spatial,11,Pool,8/29/2023,14.2,4.610,0.324,0.127,2,9.8,3.380,1,2.0,0.667,0,0.0,0.000,1,2.4,0.563,1,0.0,0.000,4.14,1
282,11,A,A,Spatial,12,Pool,8/29/2023,3.1,1.039,0.334,0.916,1,1.1,0.310,1,2.0,0.729,0,0.0,0.000,0,0.0,0.000,1,0.0,0.000,0.20,1
283,12,A,A,Spatial,11,Pool,8/29/2023,8.2,2.168,0.264,0.414,1,0.9,0.245,1,7.3,1.923,0,0.0,0.000,0,0.0,0.000,1,0.0,0.000,2.91,1
284,12,A,A,Spatial,12,Pool,8/29/2023,11.1,3.520,0.318,0.259,2,8.2,2.568,1,0.4,0.092,0,0.0,0.000,1,2.5,0.860,1,0.0,0.000,2.72,1
285,13,A,A,Spatial,11,Pool,8/29/2023,11.5,4.220,0.368,0.267,2,6.1,2.295,2,5.3,1.925,0,0.0,0.000,0,0.0,0.000,1,0.0,0.000,3.21,1
286,13,A,A,Spatial,12,Pool,8/29/2023,10.2,3.810,0.373,0.216,3,6.3,2.475,1,0.5,0.140,1,1.3,0.489,1,2.1,0.706,1,0.0,0.000,2.85,1
287,14,A,A,Spatial,11,Pool,8/29/2023,10.5,3.254,0.309,0.342,2,4.5,1.213,0,0.0,0.000,1,1.8,0.620,2,4.1,1.422,1,0.0,0.000,2.71,1
288,14,A,A,Spatial,12,Pool,8/29/2023,16.8,4.938,0.293,0.165,5,5.0,1.405,3,9.2,2.578,0,0.0,0.000,2,2.6,0.954,1,0.0,0.000,5.65,1
289,15,A,A,Spatial,11,Pool,8/29/2023,24.2,7.772,0.322,0.034,3,12.8,3.799,1,4.1,1.247,1,3.3,1.266,2,3.9,1.460,1,0.0,0.000,13.69,1
290,15,A,A,Spatial,12,Pool,8/29/2023,8.6,3.142,0.367,0.378,2,3.7,1.278,1,0.5,0.199,1,2.8,1.059,1,1.5,0.606,1,0.0,0.000,2.54,1
291,16,A,A,Spatial,11,Pool,8/29/2023,32.8,11.920,0.363,0.101,4,7.4,2.543,3,5.1,1.975,3,10.8,3.650,3,9.4,3.753,1,0.0,0.000,21.70,1
292,16,A,A,Spatial,12,Pool,8/29/2023,1.3,0.234,0.184,0.943,1,1.2,0.234,0,0.0,0.000,0,0.0,0.000,0,0.0,0.000,1,0.0,0.000,0.03,1
293,17,A,A,Spatial,11,Pool,8/29/2023,11.2,4.139,0.369,0.161,3,5.3,2.146,2,2.5,0.675,1,0.0,0.000,2,3.3,1.317,1,0.0,0.000,3.27,1
294,17,A,A,Spatial,12,Pool,8/29/2023,5.3,1.886,0.353,0.657,1,1.5,0.429,1,2.4,0.984,1,1.5,0.473,0,0.0,0.000,1,0.0,0.000,1.70,1
295,18,A,A,Spatial,11,Pool,8/29/2023,7.5,2.432,0.322,0.448,1,1.3,0.343,1,2.4,0.871,1,3.8,1.218,0,0.0,0.000,1,0.0,0.000,4.14,1
296,18,A,A,Spatial,12,Pool,8/29/2023,19.8,7.238,0.365,0.127,3,5.2,1.560,2,2.5,0.806,2,3.5,1.435,3,8.6,3.437,1,0.0,0.000,10.63,1
297,19,A,A,Spatial,11,Pool,8/29/2023,60.0,18.044,0.301,0.069,4,19.2,5.301,4,12.8,4.254,4,11.4,3.410,4,16.7,5.079,0,0.0,0.000,38.96,0
298,19,A,A,Spatial,12,Pool,8/29/2023,60.0,16.519,0.275,0.045,5,16.8,4.706,4,11.3,3.281,3,13.7,3.526,4,18.2,5.007,0,0.0,0.000,42.82,0
299,20,A,A,Spatial,11,Pool,8/29/2023,21.5,5.136,0.239,0.174,3,3.5,0.778,1,0.3,0.095,1,9.2,1.950,3,8.6,2.313,1,0.0,0.000,14.49,1
300,20,A,A,Spatial,12,Pool,8/29/2023,10.6,2.818,0.267,0.421,2,4.1,0.970,1,3.1,0.925,0,0.0,0.000,1,3.3,0.924,1,0.0,0.000,2.83,1
301,21,A,A,Spatial,11,Pool,8/29/2023,60.0,15.861,0.264,0.059,3,19.1,4.775,3,10.0,2.554,4,19.7,4.807,4,11.3,3.726,0,0.0,0.000,41.24,0
302,21,A,A,Spatial,12,Pool,8/29/2023,51.0,12.936,0.253,0.083,4,7.1,1.259,4,24.8,5.859,3,10.1,2.924,3,9.0,2.894,1,0.0,0.000,32.56,1
303,22,A,A,Spatial,11,Pool,8/29/2023,60.0,16.055,0.268,0.094,3,14.4,4.391,7,17.2,4.225,6,13.5,3.209,3,14.8,4.230,0,0.0,0.000,42.97,0
304,22,A,A,Spatial,12,Pool,8/29/2023,60.0,16.455,0.274,0.092,4,20.3,5.431,4,17.6,4.507,3,12.7,3.408,4,9.4,3.108,0,0.0,0.000,40.20,0
305,23,A,A,Spatial,11,Pool,8/29/2023,18.1,6.620,0.367,0.116,2,4.5,1.591,1,0.9,0.371,2,5.5,1.897,3,7.1,2.762,1,0.0,0.000,10.97,1
306,23,A,A,Spatial,12,Pool,8/29/2023,23.1,8.029,0.348,0.071,2,6.1,1.807,2,4.1,1.569,2,3.5,1.403,2,9.3,3.250,1,0.0,0.000,14.91,1
307,24,A,A,Spatial,11,Pool,8/29/2023,4.2,1.432,0.340,0.845,1,1.3,0.376,0,0.0,0.000,1,0.5,0.043,1,2.4,1.013,1,0.0,0.000,0.35,1
308,24,A,A,Spatial,12,Pool,8/29/2023,1.7,0.318,0.184,0.982,1,1.7,0.318,0,0.0,0.000,0,0.0,0.000,0,0.0,0.000,1,0.0,0.000,-0.02,1
309,25,A,A,Spatial,11,Pool,8/29/2023,9.7,3.419,0.354,0.176,2,4.7,1.681,1,2.3,0.716,0,0.0,0.000,1,2.7,1.022,1,0.0,0.000,3.66,1
310,25,A,A,Spatial,12,Pool,8/29/2023,19.2,6.498,0.339,0.153,2,4.9,1.614,3,10.9,3.778,3,3.2,1.039,1,0.2,0.067,1,0.0,0.000,9.40,1
311,26,A,A,Spatial,11,Pool,8/29/2023,60.0,18.352,0.306,0.054,5,14.7,4.628,4,7.5,2.206,5,22.7,6.257,6,15.2,5.260,0,0.0,0.000,44.31,0
312,26,A,A,Spatial,12,Pool,8/29/2023,14.5,3.619,0.249,0.252,2,8.0,1.520,2,1.6,0.560,1,2.9,0.933,1,2.0,0.606,1,0.0,0.000,5.43,1
313,1,A,A,Spatial,13,Pool,8/30/2023,10.2,3.185,0.311,0.287,1,2.5,0.609,1,1.6,0.458,1,3.3,1.049,1,2.8,1.070,1,0.0,0.000,5.89,1
314,1,A,A,Spatial,14,Pool,8/30/2023,9.6,3.216,0.336,0.370,1,2.7,0.752,0,0.0,0.000,1,4.8,1.650,1,2.1,0.815,1,0.0,0.000,4.32,1
315,2,A,A,Spatial,13,Pool,8/30/2023,8.8,2.364,0.269,0.518,1,2.5,0.692,1,2.9,1.134,1,3.3,0.539,0,0.0,0.000,1,0.0,0.000,4.13,1
316,2,A,A,Spatial,14,Pool,8/30/2023,19.0,6.599,0.347,0.096,3,6.9,2.325,4,6.6,2.411,2,3.6,1.124,1,1.9,0.740,1,0.0,0.000,8.47,1
317,3,A,A,Spatial,13,Pool,8/30/2023,7.4,2.565,0.349,0.288,1,0.9,0.316,1,0.3,0.104,1,2.8,1.025,1,3.3,1.120,1,0.0,0.000,4.97,1
318,3,A,A,Spatial,14,Pool,8/30/2023,25.1,8.949,0.356,0.037,4,10.0,3.635,1,2.1,0.634,2,2.8,0.990,3,10.1,3.690,1,0.0,0.000,13.44,1
319,4,A,A,Spatial,13,Pool,8/30/2023,8.9,2.765,0.309,0.305,2,4.7,1.502,1,1.5,0.413,0,0.0,0.000,1,2.8,0.849,1,0.0,0.000,2.89,1
320,4,A,A,Spatial,14,Pool,8/30/2023,6.4,2.185,0.340,0.612,1,1.9,0.505,1,2.9,1.137,1,1.6,0.543,0,0.0,0.000,1,0.0,0.000,2.20,1
321,5,A,A,Spatial,13,Pool,8/30/2023,9.1,2.551,0.280,0.221,2,4.1,1.398,2,4.9,1.152,0,0.0,0.000,0,0.0,0.000,1,0.0,0.000,3.36,1
322,5,A,A,Spatial,14,Pool,8/30/2023,15.9,5.956,0.375,0.160,2,7.7,2.437,1,0.3,0.106,2,4.4,1.793,2,3.5,1.620,1,0.0,0.000,7.17,1
323,6,A,A,Spatial,13,Pool,8/30/2023,20.9,6.434,0.308,0.206,2,7.3,2.219,1,3.3,1.197,2,5.7,1.537,2,4.5,1.481,1,0.0,0.000,10.40,1
324,6,A,A,Spatial,14,Pool,8/30/2023,20.6,6.314,0.307,0.112,3,13.2,3.967,1,4.7,1.523,0,0.0,0.000,2,2.7,0.824,1,0.0,0.000,7.82,1
325,7,A,A,Spatial,13,Pool,8/30/2023,44.1,16.757,0.380,0.058,4,17.8,6.230,4,9.7,3.476,4,8.1,3.433,4,8.4,3.618,1,0.0,0.000,24.90,1
326,7,A,A,Spatial,14,Pool,8/30/2023,3.4,1.141,0.338,0.922,1,1.1,0.293,0,0.0,0.000,0,0.0,0.000,1,2.3,0.848,1,0.0,0.000,0.14,1
327,8,A,A,Spatial,13,Pool,8/30/2023,16.8,5.458,0.325,0.142,2,6.1,1.852,1,1.1,0.383,1,2.5,1.019,2,7.0,2.204,1,0.0,0.000,8.46,1
328,8,A,A,Spatial,14,Pool,8/30/2023,9.2,3.179,0.347,0.203,1,2.0,0.610,1,2.1,0.770,1,1.9,0.661,1,3.2,1.138,1,0.0,0.000,4.57,1
329,9,A,A,Spatial,13,Pool,8/30/2023,1.6,0.440,0.271,0.993,1,1.0,0.345,1,0.6,0.095,0,0.0,0.000,0,0.0,0.000,1,0.0,0.000,0.05,1
330,9,A,A,Spatial,14,Pool,8/30/2023,11.9,4.362,0.368,0.275,1,1.1,0.307,1,1.1,0.452,2,4.6,1.786,1,5.1,1.817,1,0.0,0.000,7.10,1
331,10,A,A,Spatial,13,Pool,8/30/2023,58.8,16.888,0.287,0.075,6,27.4,7.673,6,16.7,4.957,3,10.1,2.905,2,4.5,1.353,1,0.0,0.000,31.40,1
332,10,A,A,Spatial,14,Pool,8/30/2023,6.4,1.792,0.281,0.639,1,1.1,0.218,1,2.8,0.883,1,2.5,0.691,0,0.0,0.000,1,0.0,0.000,2.43,1
333,11,A,A,Spatial,13,Pool,8/30/2023,60.0,20.915,0.349,0.029,7,20.0,6.615,3,10.2,3.513,4,11.0,4.137,8,18.8,6.650,0,0.0,0.000,36.39,0
334,11,A,A,Spatial,14,Pool,8/30/2023,25.5,8.827,0.347,0.096,3,11.1,3.682,2,4.3,1.522,2,5.9,1.982,3,4.3,1.641,1,0.0,0.000,12.60,1
335,12,A,A,Spatial,13,Pool,8/30/2023,13.7,4.133,0.301,0.218,1,4.8,1.330,1,3.7,1.104,1,2.0,0.865,1,3.2,0.834,1,0.0,0.000,6.72,1
336,12,A,A,Spatial,14,Pool,8/30/2023,21.5,6.373,0.296,0.147,3,12.8,3.838,2,8.0,2.357,0,0.0,0.000,1,0.7,0.177,1,0.0,0.000,7.34,1
337,13,A,A,Spatial,13,Pool,8/30/2023,21.5,8.704,0.406,0.134,3,6.3,2.489,2,5.1,2.095,2,5.9,2.349,2,4.3,1.771,1,0.0,0.000,12.87,1
338,13,A,A,Spatial,14,Pool,8/30/2023,7.9,2.893,0.368,0.294,2,2.3,0.735,2,3.7,1.494,1,1.1,0.400,1,0.8,0.264,1,0.0,0.000,2.57,1
339,14,A,A,Spatial,13,Pool,8/30/2023,32.6,10.384,0.318,0.112,3,7.9,2.259,1,2.7,1.047,3,9.7,3.116,4,12.4,3.961,1,0.0,0.000,17.76,1
340,14,A,A,Spatial,14,Pool,8/30/2023,4.0,1.039,0.262,0.669,1,2.8,0.721,0,0.0,0.000,0,0.0,0.000,1,1.2,0.317,1,0.0,0.000,0.34,1
341,15,A,A,Spatial,13,Pool,8/30/2023,8.9,1.585,0.178,0.667,1,0.5,0.222,0,0.0,0.000,0,0.0,0.000,1,8.3,1.363,1,0.0,0.000,3.64,1
342,15,A,A,Spatial,14,Pool,8/30/2023,12.6,4.722,0.376,0.244,2,6.4,2.226,1,2.3,0.934,1,1.6,0.643,2,2.3,0.919,1,0.0,0.000,3.87,1
343,16,A,A,Spatial,13,Pool,8/30/2023,18.5,7.093,0.384,0.139,2,4.5,1.659,2,3.7,1.424,2,4.1,1.764,2,6.1,2.247,1,0.0,0.000,11.11,1
344,16,A,A,Spatial,14,Pool,8/30/2023,9.9,3.274,0.330,0.286,1,1.2,0.360,1,0.5,0.055,2,6.4,2.432,2,1.9,0.428,1,0.0,0.000,5.83,1
345,17,A,A,Spatial,13,Pool,8/30/2023,19.4,5.788,0.299,0.140,1,1.1,0.300,2,9.6,2.468,3,5.2,2.009,2,3.5,1.012,1,0.0,0.000,14.04,1
346,17,A,A,Spatial,14,Pool,8/30/2023,2.7,1.004,0.368,0.977,1,0.9,0.278,1,1.8,0.726,0,0.0,0.000,0,0.0,0.000,1,0.0,0.000,0.05,1
347,18,A,A,Spatial,13,Pool,8/30/2023,38.5,13.960,0.362,0.039,5,16.4,5.608,2,5.1,1.957,2,6.9,2.505,4,10.1,3.890,1,0.0,0.000,22.34,1
348,18,A,A,Spatial,14,Pool,8/30/2023,30.3,10.629,0.351,0.062,3,7.7,2.340,2,1.2,0.460,3,8.1,3.089,4,13.3,4.740,1,0.0,0.000,19.80,1
349,19,A,A,Spatial,13,Pool,8/30/2023,60.0,16.911,0.282,0.014,4,17.7,4.332,4,17.1,4.371,3,10.2,3.599,4,15.0,4.609,0,0.0,0.000,40.72,0
350,19,A,A,Spatial,14,Pool,8/30/2023,29.7,7.531,0.253,0.093,4,10.4,2.645,4,12.6,2.942,2,3.2,0.988,2,3.6,0.956,1,0.0,0.000,13.52,1
351,20,A,A,Spatial,13,Pool,8/30/2023,60.0,17.106,0.285,0.023,3,12.3,3.830,4,17.6,3.847,5,19.7,5.778,4,10.5,3.651,0,0.0,0.000,45.38,0
352,20,A,A,Spatial,14,Pool,8/30/2023,6.1,1.452,0.240,0.632,1,1.5,0.282,1,2.9,0.933,1,1.6,0.237,0,0.0,0.000,1,0.0,0.000,1.90,1
353,21,A,A,Spatial,13,Pool,8/30/2023,60.0,16.162,0.269,0.103,3,10.5,3.336,4,14.5,4.778,4,27.5,5.295,2,7.5,2.753,0,0.0,0.000,50.93,0
354,21,A,A,Spatial,14,Pool,8/30/2023,33.8,7.031,0.208,0.095,1,1.6,0.492,1,4.3,1.195,2,7.5,1.507,2,20.4,3.837,1,0.0,0.000,27.73,1
355,22,A,A,Spatial,13,Pool,8/30/2023,60.0,16.288,0.271,0.070,3,14.3,4.159,4,16.4,3.407,4,17.3,4.648,3,12.0,4.073,0,0.0,0.000,46.85,0
356,22,A,A,Spatial,14,Pool,8/30/2023,60.0,16.761,0.279,0.061,5,21.3,6.606,4,21.9,5.394,2,8.8,2.503,3,8.0,2.257,0,0.0,0.000,37.32,0
357,23,A,A,Spatial,13,Pool,8/30/2023,38.1,10.982,0.289,0.067,4,9.4,2.636,1,2.5,0.856,1,5.6,1.256,4,20.5,6.233,1,0.0,0.000,22.89,1
358,23,A,A,Spatial,14,Pool,8/30/2023,19.7,6.222,0.317,0.090,2,3.2,0.874,2,4.2,1.205,2,8.3,2.678,2,4.0,1.466,1,0.0,0.000,11.82,1
359,24,A,A,Spatial,13,Pool,8/30/2023,12.5,3.444,0.275,0.254,1,1.6,0.418,1,1.7,0.542,1,5.6,1.449,1,3.6,1.036,1,0.0,0.000,8.81,1
360,24,A,A,Spatial,14,Pool,8/30/2023,15.1,4.947,0.328,0.203,2,7.5,2.400,1,0.4,0.141,1,0.3,0.077,2,6.9,2.329,1,0.0,0.000,4.38,1
361,25,A,A,Spatial,13,Pool,8/30/2023,10.7,3.292,0.307,0.204,1,3.7,1.160,0,0.0,0.000,1,0.3,0.000,2,6.7,2.132,1,0.0,0.000,5.93,1
362,25,A,A,Spatial,14,Pool,8/30/2023,11.4,4.016,0.352,0.313,2,3.3,1.177,0,0.0,0.000,1,1.5,0.555,2,6.5,2.283,1,0.0,0.000,4.44,1
363,26,A,A,Spatial,13,Pool,8/30/2023,60.0,18.778,0.313,0.082,4,12.5,4.456,3,6.0,1.831,6,20.2,5.377,6,21.3,7.114,0,0.0,0.000,48.67,0
364,26,A,A,Spatial,14,Pool,8/30/2023,16.7,5.192,0.312,0.189,2,9.1,2.792,1,0.7,0.296,1,1.9,0.905,2,5.0,1.199,1,0.0,0.000,7.40,1
365,1,A,A,Spatial,15,Pool,8/30/2023,4.9,1.459,0.299,0.775,1,2.3,0.543,0,0.0,0.000,0,0.0,0.000,1,2.6,0.916,1,0.0,0.000,0.49,1
366,1,A,A,Spatial,16,Pool,8/30/2023,16.5,5.476,0.333,0.203,3,6.1,2.065,1,2.5,0.761,1,2.0,0.714,2,5.7,1.936,1,0.0,0.000,4.99,1
367,2,A,A,Spatial,15,Pool,8/30/2023,26.2,8.694,0.332,0.087,4,7.2,2.173,2,2.9,1.110,2,5.2,2.031,4,10.9,3.380,1,0.0,0.000,14.65,1
368,2,A,A,Spatial,16,Pool,8/30/2023,3.1,1.024,0.329,0.889,1,0.9,0.231,1,2.2,0.793,0,0.0,0.000,0,0.0,0.000,1,0.0,0.000,0.22,1
369,3,A,A,Spatial,15,Pool,8/30/2023,60.0,19.677,0.328,0.061,6,15.5,5.214,3,4.5,1.490,3,7.8,2.550,6,32.2,10.423,0,0.0,0.000,38.97,0
370,3,A,A,Spatial,16,Pool,8/30/2023,6.1,1.709,0.280,0.442,1,4.7,1.299,1,1.4,0.410,0,0.0,0.000,0,0.0,0.000,1,0.0,0.000,0.87,1
371,4,A,A,Spatial,15,Pool,8/30/2023,23.7,6.621,0.279,0.118,3,16.3,4.463,1,0.7,0.180,0,0.0,0.000,2,6.8,1.978,1,0.0,0.000,6.99,1
372,4,A,A,Spatial,16,Pool,8/30/2023,5.3,1.342,0.254,0.402,1,5.3,1.342,0,0.0,0.000,0,0.0,0.000,0,0.0,0.000,1,0.0,0.000,1.00,1
373,5,A,A,Spatial,15,Pool,8/30/2023,15.9,4.832,0.303,0.131,3,12.3,3.780,1,2.6,0.736,0,0.0,0.000,2,1.0,0.316,1,0.0,0.000,4.28,1
374,5,A,A,Spatial,16,Pool,8/30/2023,15.7,5.775,0.368,0.117,2,7.6,2.448,2,3.2,1.070,1,2.7,1.184,1,2.3,1.074,1,0.0,0.000,6.96,1
375,6,A,A,Spatial,15,Pool,8/30/2023,7.8,2.301,0.296,0.286,1,3.1,0.858,1,4.7,1.443,0,0.0,0.000,0,0.0,0.000,1,0.0,0.000,3.12,1
376,6,A,A,Spatial,16,Pool,8/30/2023,4.4,1.107,0.250,0.644,1,3.2,0.778,0,0.0,0.000,0,0.0,0.000,1,1.2,0.328,1,0.0,0.000,0.37,1
377,7,A,A,Spatial,15,Pool,8/30/2023,6.5,2.265,0.349,0.427,2,3.7,1.283,1,0.9,0.296,1,0.7,0.199,1,1.1,0.486,1,0.0,0.000,0.86,1
378,7,A,A,Spatial,16,Pool,8/30/2023,6.2,2.341,0.377,0.474,1,4.2,1.569,0,0.0,0.000,1,1.8,0.687,1,0.2,0.085,1,0.0,0.000,0.97,1
379,8,A,A,Spatial,15,Pool,8/30/2023,18.7,6.137,0.328,0.161,3,5.3,1.768,1,2.7,0.739,1,3.1,0.973,2,7.6,2.658,1,0.0,0.000,9.08,1
380,8,A,A,Spatial,16,Pool,8/30/2023,5.2,1.707,0.329,0.419,1,1.3,0.412,0,0.0,0.000,0,0.0,0.000,1,3.8,1.295,1,0.0,0.000,2.38,1
381,9,A,A,Spatial,15,Pool,8/30/2023,7.8,2.436,0.311,0.377,2,3.2,1.028,2,4.6,1.408,0,0.0,0.000,0,0.0,0.000,1,0.0,0.000,2.05,1
382,9,A,A,Spatial,16,Pool,8/30/2023,16.0,5.636,0.353,0.171,2,8.3,2.904,2,4.5,1.617,1,0.5,0.245,1,2.6,0.870,1,0.0,0.000,6.91,1
383,10,A,A,Spatial,15,Pool,8/30/2023,9.6,2.329,0.243,0.203,2,7.7,2.018,1,1.9,0.311,0,0.0,0.000,0,0.0,0.000,1,0.0,0.000,2.23,1
384,10,A,A,Spatial,16,Pool,8/30/2023,9.9,3.161,0.319,0.201,2,3.7,1.161,2,6.2,2.000,0,0.0,0.000,0,0.0,0.000,1,0.0,0.000,3.58,1
385,11,A,A,Spatial,15,Pool,8/30/2023,5.1,1.238,0.245,0.638,1,1.5,0.361,1,3.6,0.877,0,0.0,0.000,0,0.0,0.000,1,0.0,0.000,1.30,1
386,11,A,A,Spatial,16,Pool,8/30/2023,11.9,4.142,0.347,0.285,2,4.8,1.787,2,4.6,1.605,1,1.6,0.377,1,0.9,0.372,1,0.0,0.000,3.78,1
387,12,A,A,Spatial,15,Pool,8/30/2023,5.1,1.856,0.362,0.640,1,1.5,0.425,1,2.4,0.960,1,1.2,0.471,0,0.0,0.000,1,0.0,0.000,1.07,1
388,12,A,A,Spatial,16,Pool,8/30/2023,6.7,2.261,0.338,0.324,1,5.6,1.951,0,0.0,0.000,0,0.0,0.000,1,1.1,0.310,1,0.0,0.000,1.45,1
389,13,A,A,Spatial,15,Pool,8/30/2023,10.0,4.162,0.417,0.119,2,2.4,0.825,2,3.2,1.335,1,3.5,1.534,1,0.9,0.469,1,0.0,0.000,6.15,1
390,13,A,A,Spatial,16,Pool,8/30/2023,8.9,3.466,0.388,0.332,1,4.1,1.396,1,2.3,1.018,1,2.5,1.052,0,0.0,0.000,1,0.0,0.000,3.70,1
391,14,A,A,Spatial,15,Pool,8/30/2023,1.8,0.481,0.273,0.903,1,1.0,0.323,0,0.0,0.000,0,0.0,0.000,1,0.7,0.158,1,0.0,0.000,0.08,1
392,14,A,A,Spatial,16,Pool,8/30/2023,17.4,5.308,0.305,0.088,4,10.0,3.061,2,5.3,1.648,0,0.0,0.000,1,2.0,0.598,1,0.0,0.000,4.89,1
393,15,A,A,Spatial,15,Pool,8/30/2023,32.9,10.575,0.322,0.117,3,10.6,3.288,4,13.1,4.144,3,8.7,2.989,1,0.5,0.154,1,0.0,0.000,15.37,1
394,15,A,A,Spatial,16,Pool,8/30/2023,5.3,1.891,0.357,0.626,1,1.7,0.586,1,3.1,1.248,1,0.5,0.056,0,0.0,0.000,1,0.0,0.000,1.72,1
395,16,A,A,Spatial,15,Pool,8/30/2023,1.3,0.262,0.196,0.983,1,1.3,0.262,0,0.0,0.000,0,0.0,0.000,0,0.0,0.000,1,0.0,0.000,0.01,1
396,16,A,A,Spatial,16,Pool,8/30/2023,12.0,3.640,0.304,0.214,2,7.8,2.133,0,0.0,0.000,0,0.0,0.000,2,4.2,1.507,1,0.0,0.000,3.32,1
397,17,A,A,Spatial,15,Pool,8/30/2023,16.9,6.082,0.360,0.199,3,8.8,3.062,3,6.0,2.212,1,2.1,0.807,0,0.0,0.000,1,0.0,0.000,5.09,1
398,17,A,A,Spatial,16,Pool,8/30/2023,4.8,1.666,0.345,0.660,1,1.1,0.314,1,2.5,1.068,1,1.2,0.284,0,0.0,0.000,1,0.0,0.000,1.59,1
399,18,A,A,Spatial,15,Pool,8/30/2023,28.5,9.833,0.345,0.134,3,10.8,3.244,3,5.0,1.913,3,7.5,2.710,2,5.2,1.965,1,0.0,0.000,14.52,1
400,18,A,A,Spatial,16,Pool,8/30/2023,60.0,18.710,0.312,0.076,6,18.7,5.314,3,6.3,2.245,3,15.3,3.859,6,19.7,7.293,0,0.0,0.000,40.46,0
401,19,A,A,Spatial,15,Pool,8/30/2023,12.7,4.193,0.330,0.193,2,6.0,1.890,1,5.3,1.800,0,0.0,0.000,1,1.4,0.504,1,0.0,0.000,4.11,1
402,19,A,A,Spatial,16,Pool,8/30/2023,5.5,1.536,0.280,0.683,1,1.7,0.466,1,3.7,1.069,0,0.0,0.000,0,0.0,0.000,1,0.0,0.000,1.31,1
403,20,A,A,Spatial,15,Pool,8/30/2023,8.9,3.058,0.345,0.227,2,1.9,0.570,1,3.2,1.119,1,1.6,0.661,2,2.1,0.707,1,0.0,0.000,4.25,1
404,20,A,A,Spatial,16,Pool,8/30/2023,13.9,4.393,0.316,0.246,2,4.1,1.347,2,4.2,1.550,2,5.1,1.339,1,0.4,0.157,1,0.0,0.000,6.66,1
405,21,A,A,Spatial,15,Pool,8/30/2023,60.0,16.552,0.276,0.041,6,17.6,4.812,3,8.8,2.584,2,8.1,2.635,5,25.5,6.521,0,0.0,0.000,40.29,0
406,21,A,A,Spatial,16,Pool,8/30/2023,18.3,4.697,0.257,0.256,1,5.7,1.011,1,5.9,1.490,2,4.5,1.411,1,2.1,0.785,1,0.0,0.000,8.86,1
407,22,A,A,Spatial,15,Pool,8/30/2023,36.3,10.683,0.295,0.051,3,9.2,2.844,1,4.1,1.202,2,11.3,2.918,3,11.6,3.720,1,0.0,0.000,29.14,1
408,22,A,A,Spatial,16,Pool,8/30/2023,38.0,10.604,0.279,0.091,3,9.5,2.588,2,11.5,3.181,2,8.5,2.326,3,8.6,2.509,1,0.0,0.000,26.30,1
409,23,A,A,Spatial,15,Pool,8/30/2023,18.7,6.116,0.327,0.132,3,4.8,1.328,1,0.8,0.236,1,4.0,1.217,3,9.1,3.335,1,0.0,0.000,9.73,1
410,23,A,A,Spatial,16,Pool,8/30/2023,60.0,17.048,0.284,0.039,5,9.7,2.618,2,11.3,2.833,4,8.5,2.752,7,30.4,8.845,0,0.0,0.000,35.99,0
411,24,A,A,Spatial,15,Pool,8/30/2023,60.0,18.356,0.306,0.035,5,6.0,1.695,6,9.2,2.878,8,19.6,5.768,6,25.2,8.015,0,0.0,0.000,41.38,0
412,24,A,A,Spatial,16,Pool,8/30/2023,60.0,18.181,0.303,0.081,5,17.6,5.236,8,24.5,7.522,5,15.2,4.454,1,2.7,0.969,0,0.0,0.000,31.89,0
413,25,A,A,Spatial,15,Pool,8/30/2023,60.0,20.458,0.341,0.068,7,20.7,6.826,8,22.1,7.929,5,12.7,4.114,3,4.5,1.590,0,0.0,0.000,30.90,0
414,25,A,A,Spatial,16,Pool,8/30/2023,10.4,3.405,0.326,0.195,1,2.0,0.752,0,0.0,0.000,0,0.0,0.000,1,8.4,2.653,1,0.0,0.000,5.43,1
415,26,A,A,Spatial,15,Pool,8/30/2023,7.2,2.896,0.400,0.353,1,0.9,0.254,1,1.3,0.353,1,2.7,1.276,1,2.3,1.013,1,0.0,0.000,4.90,1
416,26,A,A,Spatial,16,Pool,8/30/2023,60.0,21.021,0.350,0.038,4,15.0,5.482,4,10.0,3.802,4,15.5,5.141,4,19.6,6.596,0,0.0,0.000,39.89,0
417,1,A,A,Spatial,17,Pool,8/30/2023,8.1,2.092,0.260,0.586,1,3.9,0.827,0,0.0,0.000,1,2.2,0.545,1,2.0,0.719,1,0.0,0.000,1.29,1
418,1,A,A,Spatial,18,Pool,8/30/2023,2.3,0.542,0.238,0.909,1,2.3,0.542,0,0.0,0.000,0,0.0,0.000,0,0.0,0.000,1,0.0,0.000,0.11,1
419,2,A,A,Spatial,17,Pool,8/30/2023,15.8,5.544,0.351,0.105,2,2.3,0.840,2,5.6,1.860,1,3.7,1.448,1,4.1,1.395,1,0.0,0.000,9.41,1
420,2,A,A,Spatial,18,Pool,8/30/2023,60.0,16.864,0.281,0.065,7,22.4,6.640,5,16.2,4.798,1,3.6,1.166,3,17.7,4.261,0,0.0,0.000,31.38,0
421,3,A,A,Spatial,17,Pool,8/30/2023,10.3,3.406,0.332,0.128,2,4.4,1.352,1,0.9,0.325,1,2.7,0.877,1,2.3,0.852,1,0.0,0.000,4.56,1
422,3,A,A,Spatial,18,Pool,8/30/2023,13.2,3.598,0.272,0.330,1,1.1,0.261,2,8.0,2.073,2,4.1,1.265,0,0.0,0.000,1,0.0,0.000,5.83,1
423,4,A,A,Spatial,17,Pool,8/30/2023,12.6,3.942,0.313,0.243,2,4.4,1.354,1,0.7,0.246,1,2.9,1.028,2,4.6,1.314,1,0.0,0.000,6.29,1
424,4,A,A,Spatial,18,Pool,8/30/2023,4.8,1.659,0.347,0.679,1,2.3,0.675,1,2.5,0.984,0,0.0,0.000,0,0.0,0.000,1,0.0,0.000,0.95,1
425,5,A,A,Spatial,17,Pool,8/30/2023,7.5,2.991,0.400,0.354,1,1.2,0.313,1,2.0,0.871,1,2.7,1.238,1,1.6,0.570,1,0.0,0.000,4.77,1
426,5,A,A,Spatial,18,Pool,8/30/2023,2.1,0.666,0.324,0.976,1,0.8,0.217,1,1.2,0.449,0,0.0,0.000,0,0.0,0.000,1,0.0,0.000,0.02,1
427,6,A,A,Spatial,17,Pool,8/30/2023,2.6,0.739,0.281,0.811,1,2.6,0.739,0,0.0,0.000,0,0.0,0.000,0,0.0,0.000,1,0.0,0.000,0.22,1
428,6,A,A,Spatial,18,Pool,8/30/2023,3.2,1.097,0.346,0.959,1,1.2,0.388,1,0.4,0.193,1,1.5,0.516,0,0.0,0.000,1,0.0,0.000,0.11,1
429,7,A,A,Spatial,17,Pool,8/30/2023,7.8,2.904,0.374,0.305,1,1.3,0.408,1,1.4,0.437,1,4.9,2.000,1,0.1,0.059,1,0.0,0.000,4.53,1
430,7,A,A,Spatial,18,Pool,8/30/2023,5.0,1.761,0.353,0.358,2,2.9,1.041,0,0.0,0.000,0,0.0,0.000,2,2.0,0.720,1,0.0,0.000,1.21,1
431,8,A,A,Spatial,17,Pool,8/30/2023,4.8,1.489,0.307,0.535,1,1.1,0.380,1,1.4,0.248,1,2.4,0.861,0,0.0,0.000,1,0.0,0.000,2.17,1
432,8,A,A,Spatial,18,Pool,8/30/2023,10.5,3.699,0.352,0.295,2,4.5,1.495,1,1.7,0.534,1,1.3,0.344,1,2.9,1.325,1,0.0,0.000,3.95,1
433,9,A,A,Spatial,17,Pool,8/30/2023,3.9,1.639,0.423,0.796,1,0.9,0.322,1,1.6,0.798,1,1.3,0.520,0,0.0,0.000,1,0.0,0.000,0.89,1
434,9,A,A,Spatial,18,Pool,8/30/2023,2.7,1.016,0.383,0.767,1,1.7,0.688,1,0.9,0.328,0,0.0,0.000,0,0.0,0.000,1,0.0,0.000,0.26,1
435,10,A,A,Spatial,17,Pool,8/30/2023,1.2,0.243,0.197,0.998,1,1.2,0.243,0,0.0,0.000,0,0.0,0.000,0,0.0,0.000,1,0.0,0.000,0.02,1
436,10,A,A,Spatial,18,Pool,8/30/2023,32.6,10.228,0.313,0.089,4,19.5,6.161,3,5.5,1.677,1,4.3,1.386,2,3.4,1.004,1,0.0,0.000,10.59,1
437,11,A,A,Spatial,17,Pool,8/30/2023,3.0,1.029,0.338,0.946,1,0.9,0.261,1,2.1,0.769,0,0.0,0.000,0,0.0,0.000,1,0.0,0.000,0.09,1
438,11,A,A,Spatial,18,Pool,8/30/2023,1.8,0.411,0.224,0.906,1,1.8,0.411,0,0.0,0.000,0,0.0,0.000,0,0.0,0.000,1,0.0,0.000,0.05,1
439,12,A,A,Spatial,17,Pool,8/30/2023,2.7,0.608,0.222,0.732,1,2.7,0.608,0,0.0,0.000,0,0.0,0.000,0,0.0,0.000,1,0.0,0.000,0.19,1
440,12,A,A,Spatial,18,Pool,8/30/2023,10.2,2.683,0.262,0.268,2,6.8,1.848,2,3.4,0.835,0,0.0,0.000,0,0.0,0.000,1,0.0,0.000,2.51,1
441,13,A,A,Spatial,17,Pool,8/30/2023,6.1,1.780,0.292,0.628,1,0.8,0.215,1,2.0,0.685,1,3.3,0.880,0,0.0,0.000,1,0.0,0.000,1.43,1
442,13,A,A,Spatial,18,Pool,8/30/2023,2.9,0.896,0.310,0.832,1,1.7,0.461,1,1.1,0.435,0,0.0,0.000,0,0.0,0.000,1,0.0,0.000,0.12,1
443,14,A,A,Spatial,17,Pool,8/30/2023,3.3,0.938,0.284,0.461,2,2.3,0.580,0,0.0,0.000,0,0.0,0.000,1,0.9,0.358,1,0.0,0.000,0.62,1
444,14,A,A,Spatial,18,Pool,8/30/2023,7.7,2.279,0.295,0.438,2,1.2,0.288,0,0.0,0.000,1,0.7,0.133,2,5.8,1.857,1,0.0,0.000,2.17,1
445,15,A,A,Spatial,17,Pool,8/30/2023,11.3,3.896,0.346,0.165,3,4.5,1.548,2,4.5,1.697,1,0.3,0.091,2,1.9,0.561,1,0.0,0.000,3.40,1
446,15,A,A,Spatial,18,Pool,8/30/2023,15.9,5.898,0.371,0.187,2,3.5,1.200,3,7.6,3.053,2,3.1,1.046,1,1.7,0.598,1,0.0,0.000,8.21,1
447,16,A,A,Spatial,17,Pool,8/30/2023,10.6,3.319,0.312,0.220,1,5.3,1.660,0,0.0,0.000,0,0.0,0.000,1,5.3,1.659,1,0.0,0.000,3.59,1
448,16,A,A,Spatial,18,Pool,8/30/2023,5.8,1.890,0.324,0.305,2,2.4,0.753,2,3.4,1.137,0,0.0,0.000,0,0.0,0.000,1,0.0,0.000,1.44,1
449,17,A,A,Spatial,17,Pool,8/30/2023,5.9,1.950,0.333,0.345,2,1.9,0.578,1,1.3,0.500,1,1.1,0.333,1,1.6,0.539,1,0.0,0.000,1.71,1
450,17,A,A,Spatial,18,Pool,8/30/2023,3.7,1.380,0.371,0.844,1,1.3,0.369,1,2.4,1.011,0,0.0,0.000,0,0.0,0.000,1,0.0,0.000,0.39,1
451,18,A,A,Spatial,17,Pool,8/30/2023,5.0,1.752,0.354,0.690,1,0.8,0.203,1,1.5,0.597,1,2.7,0.951,0,0.0,0.000,1,0.0,0.000,1.78,1
452,18,A,A,Spatial,18,Pool,8/30/2023,2.4,0.705,0.296,0.856,1,1.7,0.519,1,0.7,0.186,0,0.0,0.000,0,0.0,0.000,1,0.0,0.000,0.08,1
453,19,A,A,Spatial,17,Pool,8/30/2023,11.9,3.598,0.303,0.182,2,5.5,1.529,1,4.8,1.574,0,0.0,0.000,1,1.6,0.495,1,0.0,0.000,4.17,1
454,19,A,A,Spatial,18,Pool,8/30/2023,3.5,1.042,0.299,0.958,1,0.9,0.228,0,0.0,0.000,0,0.0,0.000,1,2.5,0.815,1,0.0,0.000,0.12,1
455,20,A,A,Spatial,17,Pool,8/30/2023,14.6,4.086,0.280,0.295,3,5.2,1.286,1,1.6,0.387,2,3.8,1.203,2,4.0,1.210,1,0.0,0.000,4.82,1
456,20,A,A,Spatial,18,Pool,8/30/2023,9.7,3.153,0.325,0.322,2,2.4,0.712,1,3.9,1.240,1,1.1,0.370,2,2.4,0.830,1,0.0,0.000,3.32,1
457,21,A,A,Spatial,17,Pool,8/30/2023,42.1,12.808,0.304,0.074,4,19.2,5.731,3,7.1,2.340,2,8.7,2.722,3,7.2,2.015,1,0.0,0.000,23.03,1
458,21,A,A,Spatial,18,Pool,8/30/2023,4.8,1.162,0.242,0.439,1,4.8,1.162,0,0.0,0.000,0,0.0,0.000,0,0.0,0.000,1,0.0,0.000,0.68,1
459,22,A,A,Spatial,17,Pool,8/30/2023,38.3,11.417,0.298,0.118,3,11.2,2.814,3,9.9,3.215,3,11.5,3.014,2,5.7,2.375,1,0.0,0.000,24.35,1
460,22,A,A,Spatial,18,Pool,8/30/2023,14.0,3.699,0.264,0.319,1,5.9,1.574,1,3.7,1.050,1,4.4,1.074,0,0.0,0.000,1,0.0,0.000,5.67,1
461,23,A,A,Spatial,17,Pool,8/30/2023,2.9,0.831,0.284,0.787,1,0.8,0.230,0,0.0,0.000,0,0.0,0.000,1,2.1,0.601,1,0.0,0.000,0.44,1
462,23,A,A,Spatial,18,Pool,8/30/2023,60.0,17.304,0.288,0.057,2,6.5,2.154,2,6.0,1.579,4,23.0,6.416,5,24.5,7.155,0,0.0,0.000,40.27,0
463,24,A,A,Spatial,17,Pool,8/30/2023,16.2,4.309,0.265,0.159,2,7.5,2.280,0,0.0,0.000,0,0.0,0.000,2,8.8,2.029,1,0.0,0.000,6.51,1
464,24,A,A,Spatial,18,Pool,8/30/2023,8.4,2.599,0.310,0.387,1,0.9,0.228,0,0.0,0.000,1,3.3,1.011,2,4.1,1.360,1,0.0,0.000,5.08,1
465,25,A,A,Spatial,17,Pool,8/30/2023,15.6,4.402,0.283,0.243,2,2.8,0.805,3,11.0,3.242,1,1.7,0.354,0,0.0,0.000,1,0.0,0.000,7.02,1
466,25,A,A,Spatial,18,Pool,8/30/2023,11.1,3.789,0.342,0.332,1,2.7,0.829,1,6.0,2.148,1,2.4,0.812,0,0.0,0.000,1,0.0,0.000,4.23,1
467,26,A,A,Spatial,17,Pool,8/30/2023,3.0,0.956,0.319,0.943,1,0.8,0.193,1,2.2,0.763,0,0.0,0.000,0,0.0,0.000,1,0.0,0.000,0.11,1
468,26,A,A,Spatial,18,Pool,8/30/2023,18.1,5.745,0.318,0.173,2,8.4,2.596,0,0.0,0.000,0,0.0,0.000,2,9.7,3.149,1,0.0,0.000,8.02,1
469,1,A,A,Spatial,19,Pool,8/31/2023,10.4,2.895,0.280,0.280,2,1.2,0.322,1,6.2,1.778,0,0.0,0.000,1,2.9,0.796,1,0.0,0.000,4.00,1
470,1,A,A,Spatial,20,Pool,8/31/2023,24.5,9.260,0.378,0.136,2,2.9,0.972,2,8.8,3.402,3,6.5,2.377,2,6.2,2.509,1,0.0,0.000,15.83,1
471,2,A,A,Spatial,19,Pool,8/31/2023,9.9,3.118,0.314,0.265,1,1.1,0.274,2,5.6,1.936,2,3.2,0.907,0,0.0,0.000,1,0.0,0.000,5.54,1
472,2,A,A,Spatial,20,Pool,8/31/2023,7.1,2.197,0.311,0.299,1,2.3,0.646,1,4.8,1.551,0,0.0,0.000,0,0.0,0.000,1,0.0,0.000,2.36,1
473,3,A,A,Spatial,19,Pool,8/31/2023,2.3,0.627,0.275,0.919,1,0.8,0.234,0,0.0,0.000,0,0.0,0.000,1,1.5,0.394,1,0.0,0.000,0.14,1
474,3,A,A,Spatial,20,Pool,8/31/2023,11.9,3.898,0.329,0.100,3,4.7,1.481,1,4.5,1.520,0,0.0,0.000,1,2.7,0.898,1,0.0,0.000,4.60,1
475,4,A,A,Spatial,19,Pool,8/31/2023,23.1,7.435,0.322,0.097,2,1.5,0.450,2,5.3,1.599,2,6.7,2.273,2,9.6,3.113,1,0.0,0.000,15.91,1
476,4,A,A,Spatial,20,Pool,8/31/2023,26.1,8.246,0.316,0.144,4,8.7,2.441,4,14.1,4.678,2,2.9,1.004,1,0.4,0.124,1,0.0,0.000,10.97,1
477,5,A,A,Spatial,19,Pool,8/31/2023,13.9,4.806,0.346,0.113,3,10.7,3.567,0,0.0,0.000,0,0.0,0.000,2,3.2,1.239,1,0.0,0.000,3.92,1
478,5,A,A,Spatial,20,Pool,8/31/2023,6.9,2.339,0.341,0.469,1,1.1,0.266,2,1.1,0.433,3,3.0,1.105,1,1.7,0.535,1,0.0,0.000,1.94,1
479,6,A,A,Spatial,19,Pool,8/31/2023,24.9,8.012,0.322,0.163,2,11.2,3.530,2,4.9,1.436,2,5.5,1.692,1,3.2,1.355,1,0.0,0.000,10.52,1
480,6,A,A,Spatial,20,Pool,8/31/2023,8.5,3.141,0.371,0.270,1,1.4,0.463,1,3.3,1.327,1,1.2,0.473,1,2.5,0.878,1,0.0,0.000,4.00,1
481,7,A,A,Spatial,19,Pool,8/31/2023,3.9,1.174,0.299,0.457,1,0.7,0.230,1,3.2,0.945,0,0.0,0.000,0,0.0,0.000,1,0.0,0.000,1.03,1
482,7,A,A,Spatial,20,Pool,8/31/2023,2.9,1.078,0.370,0.949,1,1.0,0.322,0,0.0,0.000,1,1.7,0.672,1,0.2,0.084,1,0.0,0.000,0.07,1
483,8,A,A,Spatial,19,Pool,8/31/2023,16.6,5.447,0.327,0.129,2,3.2,1.008,0,0.0,0.000,1,3.1,0.959,3,10.4,3.481,1,0.0,0.000,10.89,1
484,8,A,A,Spatial,20,Pool,8/31/2023,9.7,3.241,0.334,0.107,3,7.2,2.639,1,0.9,0.241,1,0.2,0.071,2,1.4,0.290,1,0.0,0.000,2.75,1
485,9,A,A,Spatial,19,Pool,8/31/2023,16.2,6.135,0.379,0.081,3,12.5,4.784,0,0.0,0.000,1,0.0,0.000,3,3.6,1.351,1,0.0,0.000,5.00,1
486,9,A,A,Spatial,20,Pool,8/31/2023,9.5,4.190,0.443,0.277,2,3.6,1.619,1,1.6,0.763,1,1.3,0.538,1,2.9,1.270,1,0.0,0.000,3.26,1
487,10,A,A,Spatial,19,Pool,8/31/2023,21.0,6.619,0.315,0.149,2,2.1,0.620,1,2.8,0.866,2,9.2,2.778,3,6.9,2.353,1,0.0,0.000,13.26,1
488,10,A,A,Spatial,20,Pool,8/31/2023,6.8,2.253,0.330,0.374,1,0.8,0.253,1,4.8,1.655,1,1.2,0.345,0,0.0,0.000,1,0.0,0.000,2.41,1
489,11,A,A,Spatial,19,Pool,8/31/2023,3.7,1.176,0.319,0.895,1,1.2,0.259,1,2.0,0.839,1,0.5,0.078,0,0.0,0.000,1,0.0,0.000,0.13,1
490,11,A,A,Spatial,20,Pool,8/31/2023,5.3,1.680,0.320,0.556,1,3.7,1.118,1,1.5,0.562,0,0.0,0.000,0,0.0,0.000,1,0.0,0.000,0.54,1
491,12,A,A,Spatial,19,Pool,8/31/2023,10.3,3.284,0.319,0.223,2,1.7,0.544,2,4.0,1.119,1,0.2,0.000,1,4.4,1.621,1,0.0,0.000,5.01,1
492,12,A,A,Spatial,20,Pool,8/31/2023,7.1,2.302,0.325,0.494,2,2.4,0.752,2,3.0,1.183,2,1.4,0.259,1,0.3,0.109,1,0.0,0.000,1.42,1
493,13,A,A,Spatial,19,Pool,8/31/2023,8.2,2.595,0.316,0.456,1,1.2,0.360,1,3.9,1.115,1,3.1,1.119,0,0.0,0.000,1,0.0,0.000,3.44,1
494,13,A,A,Spatial,20,Pool,8/31/2023,17.1,6.634,0.389,0.170,2,4.1,1.443,2,5.6,2.269,1,4.0,1.472,1,3.3,1.449,1,0.0,0.000,9.17,1
495,14,A,A,Spatial,19,Pool,8/31/2023,59.3,18.219,0.307,0.066,6,14.9,4.217,3,8.9,2.719,6,19.4,6.010,8,16.1,5.273,1,0.0,0.000,34.49,1
496,14,A,A,Spatial,20,Pool,8/31/2023,7.5,1.958,0.262,0.416,1,4.8,1.228,0,0.0,0.000,0,0.0,0.000,1,2.7,0.730,1,0.0,0.000,1.27,1
497,15,A,A,Spatial,19,Pool,8/31/2023,12.3,4.301,0.350,0.307,1,2.7,0.907,1,1.2,0.535,2,7.2,2.518,1,1.2,0.342,1,0.0,0.000,6.08,1
498,15,A,A,Spatial,20,Pool,8/31/2023,18.7,6.157,0.329,0.172,1,4.7,1.471,1,14.1,4.685,0,0.0,0.000,0,0.0,0.000,1,0.0,0.000,9.07,1
499,16,A,A,Spatial,19,Pool,8/31/2023,16.6,5.612,0.337,0.176,2,3.3,1.011,2,4.9,1.926,2,4.6,1.732,2,3.7,0.942,1,0.0,0.000,9.72,1
500,16,A,A,Spatial,20,Pool,8/31/2023,2.7,1.033,0.383,0.946,1,0.8,0.237,1,1.9,0.796,0,0.0,0.000,0,0.0,0.000,1,0.0,0.000,0.11,1
501,17,A,A,Spatial,19,Pool,8/31/2023,27.1,8.466,0.313,0.096,4,5.9,2.136,5,16.7,4.828,2,1.6,0.501,1,2.9,1.001,1,0.0,0.000,13.47,1
502,17,A,A,Spatial,20,Pool,8/31/2023,3.1,1.035,0.332,0.911,1,0.9,0.251,1,2.2,0.784,0,0.0,0.000,0,0.0,0.000,1,0.0,0.000,0.22,1
503,18,A,A,Spatial,19,Pool,8/31/2023,10.8,3.612,0.334,0.179,2,2.4,0.871,3,4.8,1.463,1,3.6,1.278,0,0.0,0.000,1,0.0,0.000,6.16,1
504,18,A,A,Spatial,20,Pool,8/31/2023,18.4,6.758,0.368,0.094,3,8.5,3.179,0,0.0,0.000,0,0.0,0.000,3,9.8,3.579,1,0.0,0.000,7.47,1
505,19,A,A,Spatial,19,Pool,8/31/2023,4.8,1.364,0.287,0.388,2,3.9,1.150,1,0.8,0.214,0,0.0,0.000,0,0.0,0.000,1,0.0,0.000,0.84,1
506,19,A,A,Spatial,20,Pool,8/31/2023,3.1,0.917,0.300,0.835,1,2.0,0.576,1,1.1,0.341,0,0.0,0.000,0,0.0,0.000,1,0.0,0.000,0.24,1
507,20,A,A,Spatial,19,Pool,8/31/2023,6.6,1.510,0.228,0.685,1,0.9,0.197,0,0.0,0.000,1,1.1,0.186,2,4.6,1.128,1,0.0,0.000,2.72,1
508,20,A,A,Spatial,20,Pool,8/31/2023,29.5,8.671,0.294,0.121,3,6.1,1.665,2,8.3,2.552,3,7.3,1.908,3,7.7,2.545,1,0.0,0.000,16.12,1
509,21,A,A,Spatial,19,Pool,8/31/2023,60.0,17.301,0.288,0.063,6,25.5,6.352,4,14.9,4.277,4,7.2,2.282,5,12.4,4.391,0,0.0,0.000,30.03,0
510,21,A,A,Spatial,20,Pool,8/31/2023,14.6,4.231,0.290,0.169,2,3.6,1.148,0,0.0,0.000,1,5.2,1.763,3,5.8,1.321,1,0.0,0.000,8.32,1
511,22,A,A,Spatial,19,Pool,8/31/2023,31.8,10.011,0.315,0.092,3,8.7,2.814,3,9.9,2.563,2,6.9,2.462,2,6.3,2.172,1,0.0,0.000,18.64,1
512,22,A,A,Spatial,20,Pool,8/31/2023,21.4,6.550,0.307,0.165,3,10.5,2.980,1,6.4,2.124,0,0.0,0.000,2,4.4,1.445,1,0.0,0.000,9.47,1
513,23,A,A,Spatial,19,Pool,8/31/2023,4.5,1.387,0.306,0.539,1,1.2,0.312,0,0.0,0.000,0,0.0,0.000,1,3.3,1.075,1,0.0,0.000,1.29,1
514,23,A,A,Spatial,20,Pool,8/31/2023,60.0,18.066,0.301,0.021,3,3.9,1.180,4,11.5,3.914,7,25.7,7.725,4,18.9,5.247,0,0.0,0.000,44.31,0
515,24,A,A,Spatial,19,Pool,8/31/2023,4.7,1.050,0.225,0.732,1,1.7,0.388,1,2.9,0.662,0,0.0,0.000,0,0.0,0.000,1,0.0,0.000,0.59,1
516,24,A,A,Spatial,20,Pool,8/31/2023,6.5,2.073,0.317,0.439,1,1.1,0.288,1,0.7,0.197,2,2.2,0.647,2,2.6,0.941,1,0.0,0.000,3.16,1
517,25,A,A,Spatial,19,Pool,8/31/2023,7.6,1.986,0.261,0.324,3,5.8,1.620,1,0.1,0.034,0,0.0,0.000,2,1.6,0.331,1,0.0,0.000,1.26,1
518,25,A,A,Spatial,20,Pool,8/31/2023,15.1,4.560,0.301,0.202,3,3.2,0.870,3,10.7,3.251,1,0.3,0.096,1,0.9,0.343,1,0.0,0.000,5.98,1
519,26,A,A,Spatial,19,Pool,8/31/2023,60.0,18.586,0.310,0.021,3,13.5,4.050,4,13.1,4.580,5,19.5,5.423,3,14.0,4.533,0,0.0,0.000,45.16,0
520,26,A,A,Spatial,20,Pool,8/31/2023,10.3,3.087,0.299,0.234,1,1.1,0.261,0,0.0,0.000,1,3.6,0.975,2,5.7,1.850,1,0.0,0.000,7.05,1
521,1,A,A,Spatial,21,Pool,8/31/2023,8.9,2.481,0.277,0.508,1,2.1,0.542,0,0.0,0.000,1,6.3,1.749,1,0.5,0.190,1,0.0,0.000,3.14,1
522,1,A,A,Spatial,22,Pool,8/31/2023,21.2,4.940,0.233,0.208,2,15.2,3.300,2,6.0,1.640,0,0.0,0.000,0,0.0,0.000,1,0.0,0.000,4.55,1
523,2,A,A,Spatial,21,Pool,8/31/2023,4.1,1.401,0.345,0.663,1,1.2,0.329,0,0.0,0.000,0,0.0,0.000,1,2.8,1.072,1,0.0,0.000,0.81,1
524,2,A,A,Spatial,22,Pool,8/31/2023,16.7,5.849,0.349,0.203,3,8.8,2.941,3,7.9,2.908,0,0.0,0.000,0,0.0,0.000,1,0.0,0.000,5.12,1
525,3,A,A,Spatial,21,Pool,8/31/2023,34.3,10.828,0.316,0.048,4,10.2,2.897,2,3.7,1.204,3,5.1,1.738,5,15.3,4.989,1,0.0,0.000,19.71,1
526,3,A,A,Spatial,22,Pool,8/31/2023,11.9,3.069,0.259,0.234,2,6.7,1.724,1,3.7,0.924,0,0.0,0.000,1,1.5,0.421,1,0.0,0.000,3.09,1
527,4,A,A,Spatial,21,Pool,8/31/2023,9.8,3.160,0.324,0.387,2,3.5,1.212,1,0.1,0.055,1,3.7,1.209,1,2.4,0.684,1,0.0,0.000,3.69,1
528,4,A,A,Spatial,22,Pool,8/31/2023,2.2,0.559,0.259,0.725,1,2.1,0.559,0,0.0,0.000,0,0.0,0.000,0,0.0,0.000,1,0.0,0.000,0.19,1
529,5,A,A,Spatial,21,Pool,8/31/2023,8.1,2.750,0.340,0.286,2,6.4,2.166,1,1.1,0.394,0,0.0,0.000,1,0.7,0.190,1,0.0,0.000,1.23,1
530,5,A,A,Spatial,22,Pool,8/31/2023,21.6,7.830,0.363,0.125,3,13.6,4.824,3,3.7,1.353,2,1.6,0.598,2,2.7,1.055,1,0.0,0.000,5.70,1
531,6,A,A,Spatial,21,Pool,8/31/2023,4.4,1.444,0.329,0.729,1,1.5,0.402,2,2.2,0.797,1,0.6,0.245,0,0.0,0.000,1,0.0,0.000,0.91,1
532,6,A,A,Spatial,22,Pool,8/31/2023,8.5,2.799,0.328,0.254,1,7.7,2.551,0,0.0,0.000,0,0.0,0.000,1,0.8,0.248,1,0.0,0.000,1.83,1
533,7,A,A,Spatial,21,Pool,8/31/2023,17.6,6.706,0.380,0.153,4,8.4,3.115,3,3.9,1.486,2,2.6,0.875,2,2.7,1.230,1,0.0,0.000,5.67,1
534,7,A,A,Spatial,22,Pool,8/31/2023,9.4,3.334,0.356,0.325,2,4.3,1.406,2,5.1,1.928,0,0.0,0.000,0,0.0,0.000,1,0.0,0.000,2.43,1
535,8,A,A,Spatial,21,Pool,8/31/2023,5.3,1.793,0.336,0.566,1,1.2,0.399,0,0.0,0.000,1,3.5,1.111,1,0.7,0.283,1,0.0,0.000,2.43,1
536,8,A,A,Spatial,22,Pool,8/31/2023,3.6,1.157,0.320,0.824,1,1.3,0.427,0,0.0,0.000,0,0.0,0.000,1,2.3,0.730,1,0.0,0.000,0.44,1
537,9,A,A,Spatial,21,Pool,8/31/2023,9.7,3.339,0.344,0.221,1,8.9,3.075,1,0.8,0.264,0,0.0,0.000,0,0.0,0.000,1,0.0,0.000,1.48,1
538,9,A,A,Spatial,22,Pool,8/31/2023,5.6,2.164,0.388,0.197,2,5.4,2.107,1,0.1,0.057,0,0.0,0.000,0,0.0,0.000,1,0.0,0.000,1.27,1
539,10,A,A,Spatial,21,Pool,8/31/2023,18.4,5.441,0.296,0.079,4,8.2,2.494,0,0.0,0.000,0,0.0,0.000,3,10.1,2.947,1,0.0,0.000,6.74,1
540,10,A,A,Spatial,22,Pool,8/31/2023,3.9,1.143,0.293,0.446,1,3.9,1.143,0,0.0,0.000,0,0.0,0.000,0,0.0,0.000,1,0.0,0.000,0.58,1
541,11,A,A,Spatial,21,Pool,8/31/2023,5.5,1.485,0.271,0.632,1,2.5,0.856,1,2.9,0.628,0,0.0,0.000,0,0.0,0.000,1,0.0,0.000,0.88,1
542,11,A,A,Spatial,22,Pool,8/31/2023,6.1,2.153,0.354,0.555,1,3.1,0.948,1,2.0,1.001,1,1.0,0.204,0,0.0,0.000,1,0.0,0.000,1.26,1
543,12,A,A,Spatial,21,Pool,8/31/2023,12.9,3.527,0.274,0.375,1,3.1,0.911,2,7.1,1.912,2,2.7,0.704,0,0.0,0.000,1,0.0,0.000,5.22,1
544,12,A,A,Spatial,22,Pool,8/31/2023,1.7,0.522,0.299,0.860,1,0.9,0.283,0,0.0,0.000,0,0.0,0.000,1,0.8,0.239,1,0.0,0.000,0.09,1
545,13,A,A,Spatial,21,Pool,8/31/2023,10.7,3.702,0.346,0.220,2,4.7,1.322,2,4.3,1.750,1,1.1,0.341,1,0.7,0.289,1,0.0,0.000,3.68,1
546,13,A,A,Spatial,22,Pool,8/31/2023,11.2,4.729,0.424,0.167,1,1.2,0.342,2,3.1,1.437,2,4.5,1.966,1,2.4,0.985,1,0.0,0.000,7.48,1
547,14,A,A,Spatial,21,Pool,8/31/2023,4.2,1.130,0.269,0.462,1,4.2,1.130,0,0.0,0.000,0,0.0,0.000,0,0.0,0.000,1,0.0,0.000,0.71,1
548,14,A,A,Spatial,22,Pool,8/31/2023,8.4,2.687,0.319,0.194,2,2.2,0.566,1,4.0,1.240,1,1.5,0.542,1,0.8,0.339,1,0.0,0.000,4.33,1
549,15,A,A,Spatial,21,Pool,8/31/2023,19.4,5.899,0.303,0.219,3,7.3,2.184,2,3.1,1.056,1,7.6,2.287,1,1.5,0.372,1,0.0,0.000,7.44,1
550,15,A,A,Spatial,22,Pool,8/31/2023,20.2,6.560,0.324,0.164,3,3.6,1.057,4,15.1,5.184,2,1.6,0.319,0,0.0,0.000,1,0.0,0.000,10.41,1
551,16,A,A,Spatial,21,Pool,8/31/2023,10.1,3.759,0.372,0.088,3,5.2,1.799,1,3.7,1.487,0,0.0,0.000,1,1.2,0.473,1,0.0,0.000,3.90,1
552,16,A,A,Spatial,22,Pool,8/31/2023,6.1,1.791,0.294,0.454,1,4.4,1.259,0,0.0,0.000,0,0.0,0.000,1,1.7,0.532,1,0.0,0.000,1.09,1
553,17,A,A,Spatial,21,Pool,8/31/2023,23.2,8.106,0.349,0.157,3,9.3,3.081,1,2.1,0.875,2,6.2,2.117,3,5.6,2.034,1,0.0,0.000,11.23,1
554,17,A,A,Spatial,22,Pool,8/31/2023,4.0,1.419,0.359,0.770,1,1.6,0.407,1,2.3,1.012,0,0.0,0.000,0,0.0,0.000,1,0.0,0.000,0.52,1
555,18,A,A,Spatial,21,Pool,8/31/2023,4.1,1.407,0.340,0.897,1,1.9,0.495,1,0.7,0.292,1,1.6,0.620,0,0.0,0.000,1,0.0,0.000,-0.01,1
556,18,A,A,Spatial,22,Pool,8/31/2023,3.3,1.035,0.319,0.880,1,1.6,0.475,0,0.0,0.000,0,0.0,0.000,1,1.6,0.560,1,0.0,0.000,0.16,1
557,19,A,A,Spatial,21,Pool,8/31/2023,5.8,1.647,0.282,0.746,1,2.0,0.531,0,0.0,0.000,0,0.0,0.000,1,3.8,1.116,1,0.0,0.000,1.07,1
558,19,A,A,Spatial,22,Pool,8/31/2023,5.3,1.772,0.332,0.582,1,1.1,0.328,0,0.0,0.000,1,3.3,1.084,1,0.9,0.360,1,0.0,0.000,2.36,1
559,20,A,A,Spatial,21,Pool,8/31/2023,9.2,2.324,0.252,0.320,1,5.1,1.300,0,0.0,0.000,0,0.0,0.000,1,4.1,1.025,1,0.0,0.000,3.04,1
560,20,A,A,Spatial,22,Pool,8/31/2023,3.4,1.001,0.296,0.938,1,1.2,0.256,1,1.5,0.608,1,0.7,0.138,0,0.0,0.000,1,0.0,0.000,0.01,1
561,21,A,A,Spatial,21,Pool,8/31/2023,19.2,6.404,0.333,0.151,2,8.0,2.268,2,5.3,1.863,2,3.5,1.485,2,2.4,0.789,1,0.0,0.000,9.33,1
562,21,A,A,Spatial,22,Pool,8/31/2023,15.1,3.599,0.238,0.314,1,4.0,0.781,1,3.6,1.030,1,7.5,1.788,0,0.0,0.000,1,0.0,0.000,6.90,1
563,22,A,A,Spatial,21,Pool,8/31/2023,18.5,6.424,0.348,0.073,3,8.9,2.852,1,1.3,0.552,1,2.7,0.985,2,5.6,2.034,1,0.0,0.000,8.99,1
564,22,A,A,Spatial,22,Pool,8/31/2023,13.3,4.273,0.320,0.242,2,3.7,1.115,1,0.7,0.227,1,2.5,0.967,2,6.4,1.964,1,0.0,0.000,6.86,1
565,23,A,A,Spatial,21,Pool,8/31/2023,2.2,0.586,0.272,0.880,1,2.1,0.586,0,0.0,0.000,0,0.0,0.000,0,0.0,0.000,1,0.0,0.000,0.09,1
566,23,A,A,Spatial,22,Pool,8/31/2023,28.0,8.189,0.292,0.124,2,4.7,1.494,3,9.4,2.747,3,8.1,1.960,2,5.9,1.987,1,0.0,0.000,17.68,1
567,24,A,A,Spatial,21,Pool,8/31/2023,11.9,4.219,0.355,0.271,2,2.1,0.638,1,2.7,0.929,1,3.2,1.183,2,3.9,1.469,1,0.0,0.000,6.28,1
568,24,A,A,Spatial,22,Pool,8/31/2023,5.7,1.801,0.316,0.524,2,2.1,0.595,1,2.8,1.032,0,0.0,0.000,1,0.8,0.174,1,0.0,0.000,0.81,1
569,25,A,A,Spatial,21,Pool,8/31/2023,12.5,3.600,0.289,0.363,3,3.9,0.973,1,1.1,0.280,2,6.0,1.823,3,1.5,0.525,1,0.0,0.000,3.62,1
570,25,A,A,Spatial,22,Pool,8/31/2023,6.3,1.986,0.318,0.384,1,1.9,0.658,0,0.0,0.000,0,0.0,0.000,1,4.4,1.328,1,0.0,0.000,2.76,1
571,26,A,A,Spatial,21,Pool,8/31/2023,7.5,2.681,0.359,0.343,1,0.8,0.208,1,1.6,0.553,1,3.5,1.273,1,1.6,0.647,1,0.0,0.000,5.08,1
572,26,A,A,Spatial,22,Pool,8/31/2023,24.1,7.224,0.300,0.165,3,7.2,2.006,1,4.3,1.354,2,2.3,0.569,3,10.4,3.295,1,0.0,0.000,11.06,1
573,1,A,A,Spatial,23,Pool,8/31/2023,8.7,1.920,0.222,0.625,1,2.1,0.439,1,0.7,0.174,2,2.5,0.613,1,3.3,0.694,1,0.0,0.000,1.09,1
574,1,A,A,Spatial,24,Pool,8/31/2023,2.0,0.551,0.269,0.754,1,2.0,0.551,0,0.0,0.000,0,0.0,0.000,0,0.0,0.000,1,0.0,0.000,0.08,1
575,2,A,A,Spatial,23,Pool,8/31/2023,53.6,17.769,0.332,0.023,5,19.1,6.248,5,16.2,5.476,3,4.1,1.492,3,14.1,4.553,1,0.0,0.000,27.11,1
576,2,A,A,Spatial,24,Pool,8/31/2023,11.1,3.551,0.321,0.256,2,3.1,0.958,2,8.0,2.594,0,0.0,0.000,0,0.0,0.000,1,0.0,0.000,4.51,1
577,3,A,A,Spatial,23,Pool,8/31/2023,9.9,2.819,0.285,0.157,2,6.7,1.787,1,3.2,1.032,0,0.0,0.000,0,0.0,0.000,1,0.0,0.000,2.79,1
578,3,A,A,Spatial,24,Pool,8/31/2023,19.4,5.428,0.280,0.180,3,5.1,1.172,2,0.6,0.176,4,6.0,1.746,4,7.7,2.335,1,0.0,0.000,7.33,1
579,4,A,A,Spatial,23,Pool,8/31/2023,5.4,1.752,0.324,0.439,1,3.7,1.215,0,0.0,0.000,0,0.0,0.000,1,1.6,0.536,1,0.0,0.000,0.78,1
580,4,A,A,Spatial,24,Pool,8/31/2023,19.7,6.559,0.333,0.171,1,4.3,1.497,1,15.4,5.062,0,0.0,0.000,0,0.0,0.000,1,0.0,0.000,8.62,1
581,5,A,A,Spatial,23,Pool,8/31/2023,6.8,2.408,0.352,0.357,2,4.5,1.621,1,0.4,0.141,0,0.0,0.000,1,1.9,0.646,1,0.0,0.000,1.08,1
582,5,A,A,Spatial,24,Pool,8/31/2023,9.4,3.100,0.331,0.176,3,4.7,1.569,3,4.7,1.531,0,0.0,0.000,0,0.0,0.000,1,0.0,0.000,2.54,1
583,6,A,A,Spatial,23,Pool,8/31/2023,7.7,2.573,0.334,0.225,1,7.7,2.573,0,0.0,0.000,0,0.0,0.000,0,0.0,0.000,1,0.0,0.000,1.58,1
584,6,A,A,Spatial,24,Pool,8/31/2023,3.3,1.249,0.376,0.901,1,0.9,0.300,1,0.4,0.181,1,2.0,0.768,0,0.0,0.000,1,0.0,0.000,0.33,1
585,7,A,A,Spatial,23,Pool,8/31/2023,4.9,1.719,0.348,0.457,1,3.2,1.184,1,1.7,0.535,0,0.0,0.000,0,0.0,0.000,1,0.0,0.000,0.60,1
586,7,A,A,Spatial,24,Pool,8/31/2023,4.5,1.297,0.288,0.589,1,2.8,0.979,0,0.0,0.000,0,0.0,0.000,1,1.7,0.318,1,0.0,0.000,1.07,1
587,8,A,A,Spatial,23,Pool,8/31/2023,9.2,2.911,0.318,0.357,1,3.6,1.090,1,3.8,1.104,1,1.2,0.498,1,0.5,0.220,1,0.0,0.000,3.58,1
588,8,A,A,Spatial,24,Pool,8/31/2023,6.5,2.023,0.313,0.546,1,0.8,0.252,0,0.0,0.000,1,1.1,0.279,2,4.6,1.492,1,0.0,0.000,1.53,1
589,9,A,A,Spatial,23,Pool,8/31/2023,8.4,2.789,0.330,0.389,2,6.1,1.925,1,0.5,0.265,1,1.2,0.447,1,0.5,0.152,1,0.0,0.000,1.03,1
590,9,A,A,Spatial,24,Pool,8/31/2023,6.8,2.459,0.359,0.375,2,3.7,1.371,2,3.1,1.088,0,0.0,0.000,0,0.0,0.000,1,0.0,0.000,1.34,1
591,10,A,A,Spatial,23,Pool,8/31/2023,4.7,1.347,0.287,0.139,2,3.6,0.958,0,0.0,0.000,0,0.0,0.000,1,1.1,0.389,1,0.0,0.000,1.19,1
592,10,A,A,Spatial,24,Pool,8/31/2023,5.8,1.914,0.329,0.588,1,0.9,0.278,0,0.0,0.000,1,1.6,0.430,2,3.3,1.206,1,0.0,0.000,1.42,1
593,11,A,A,Spatial,23,Pool,8/31/2023,6.9,2.065,0.300,0.448,1,4.5,1.448,1,0.5,0.050,1,1.9,0.567,0,0.0,0.000,1,0.0,0.000,1.76,1
594,11,A,A,Spatial,24,Pool,8/31/2023,2.8,0.623,0.223,0.699,1,2.8,0.623,0,0.0,0.000,0,0.0,0.000,0,0.0,0.000,1,0.0,0.000,0.10,1
595,12,A,A,Spatial,23,Pool,8/31/2023,3.2,0.695,0.218,0.786,1,2.0,0.609,1,1.2,0.086,0,0.0,0.000,0,0.0,0.000,1,0.0,0.000,0.44,1
596,12,A,A,Spatial,24,Pool,8/31/2023,14.2,4.061,0.287,0.210,2,3.6,1.010,2,10.5,3.051,0,0.0,0.000,0,0.0,0.000,1,0.0,0.000,5.32,1
597,13,A,A,Spatial,23,Pool,8/31/2023,34.3,11.289,0.329,0.112,5,16.4,4.931,4,11.8,4.381,2,1.4,0.583,2,4.7,1.394,1,0.0,0.000,12.38,1
598,13,A,A,Spatial,24,Pool,8/31/2023,60.0,18.644,0.311,0.012,6,18.9,6.401,7,25.8,6.439,2,6.9,2.778,3,8.4,3.026,0,0.0,0.000,35.54,0
599,14,A,A,Spatial,23,Pool,8/31/2023,3.0,0.752,0.250,0.606,1,3.0,0.752,0,0.0,0.000,0,0.0,0.000,0,0.0,0.000,1,0.0,0.000,0.21,1
600,14,A,A,Spatial,24,Pool,8/31/2023,13.1,4.186,0.320,0.254,2,8.3,2.622,1,2.5,0.809,0,0.0,0.000,1,2.3,0.754,1,0.0,0.000,2.58,1
601,15,A,A,Spatial,23,Pool,8/31/2023,14.6,4.714,0.322,0.132,4,10.0,3.300,1,3.1,0.931,0,0.0,0.000,2,1.6,0.483,1,0.0,0.000,4.39,1
602,15,A,A,Spatial,24,Pool,8/31/2023,25.1,7.812,0.311,0.139,4,12.0,3.475,4,13.1,4.337,0,0.0,0.000,0,0.0,0.000,1,0.0,0.000,8.57,1
603,16,A,A,Spatial,23,Pool,8/31/2023,7.7,3.025,0.394,0.353,1,1.2,0.369,1,2.1,0.854,1,2.7,1.138,1,1.7,0.664,1,0.0,0.000,4.83,1
604,16,A,A,Spatial,24,Pool,8/31/2023,7.0,2.273,0.325,0.264,2,2.7,0.896,2,2.2,0.686,1,1.8,0.561,1,0.3,0.130,1,0.0,0.000,2.17,1
605,17,A,A,Spatial,23,Pool,8/31/2023,2.1,0.633,0.306,0.942,1,1.2,0.435,0,0.0,0.000,0,0.0,0.000,1,0.8,0.198,1,0.0,0.000,0.10,1
606,17,A,A,Spatial,24,Pool,8/31/2023,3.3,1.029,0.310,0.882,1,1.5,0.365,1,1.8,0.664,0,0.0,0.000,0,0.0,0.000,1,0.0,0.000,0.06,1
607,18,A,A,Spatial,23,Pool,8/31/2023,4.3,1.251,0.289,0.903,1,1.6,0.334,1,1.2,0.370,1,1.5,0.547,0,0.0,0.000,1,0.0,0.000,0.01,1
608,18,A,A,Spatial,24,Pool,8/31/2023,8.4,2.886,0.346,0.300,1,3.9,1.285,1,4.5,1.602,0,0.0,0.000,0,0.0,0.000,1,0.0,0.000,2.61,1
609,19,A,A,Spatial,23,Pool,8/31/2023,7.5,2.544,0.341,0.308,1,3.3,0.904,1,1.2,0.449,1,0.5,0.214,1,2.4,0.976,1,0.0,0.000,2.19,1
610,19,A,A,Spatial,24,Pool,8/31/2023,4.0,1.175,0.290,0.839,1,1.6,0.370,0,0.0,0.000,0,0.0,0.000,1,2.4,0.805,1,0.0,0.000,0.07,1
611,20,A,A,Spatial,23,Pool,8/31/2023,25.6,6.918,0.270,0.135,2,17.9,4.699,2,5.1,1.587,2,1.6,0.285,1,1.1,0.347,1,0.0,0.000,6.75,1
612,20,A,A,Spatial,24,Pool,8/31/2023,40.7,10.930,0.268,0.042,6,21.8,5.961,4,14.3,3.776,1,1.1,0.280,2,3.6,0.912,1,0.0,0.000,15.93,1
613,21,A,A,Spatial,23,Pool,8/31/2023,8.3,2.545,0.306,0.383,1,2.3,0.700,0,0.0,0.000,0,0.0,0.000,1,6.0,1.845,1,0.0,0.000,4.85,1
614,21,A,A,Spatial,24,Pool,8/31/2023,4.2,1.106,0.263,0.431,1,4.2,1.106,0,0.0,0.000,0,0.0,0.000,0,0.0,0.000,1,0.0,0.000,0.45,1
615,22,A,A,Spatial,23,Pool,8/31/2023,10.6,3.281,0.310,0.378,1,1.7,0.372,1,7.1,2.330,1,1.8,0.579,0,0.0,0.000,1,0.0,0.000,4.13,1
616,22,A,A,Spatial,24,Pool,8/31/2023,21.0,7.034,0.334,0.158,4,10.0,3.416,2,4.4,1.625,1,3.0,1.227,3,3.6,0.766,1,0.0,0.000,8.68,1
617,23,A,A,Spatial,23,Pool,8/31/2023,60.0,17.255,0.288,0.067,3,11.2,3.047,5,17.8,5.234,4,8.9,2.757,4,22.0,6.217,0,0.0,0.000,38.98,0
618,23,A,A,Spatial,24,Pool,8/31/2023,47.3,12.051,0.255,0.094,2,9.3,1.966,4,17.7,4.895,3,16.8,3.923,1,3.5,1.268,1,0.0,0.000,31.75,1
619,24,A,A,Spatial,23,Pool,8/31/2023,60.0,19.772,0.330,0.042,6,20.2,6.506,6,14.0,4.612,5,9.1,3.387,5,16.8,5.268,0,0.0,0.000,33.09,0
620,24,A,A,Spatial,24,Pool,8/31/2023,17.0,6.002,0.353,0.192,2,3.0,0.885,2,5.3,1.983,3,6.2,2.152,2,2.5,0.982,1,0.0,0.000,9.24,1
621,25,A,A,Spatial,23,Pool,8/31/2023,30.2,9.024,0.299,0.128,3,6.5,2.094,3,21.7,6.182,1,0.2,0.064,1,1.8,0.684,1,0.0,0.000,13.35,1
622,25,A,A,Spatial,24,Pool,8/31/2023,19.9,6.606,0.332,0.135,4,4.7,1.527,4,6.6,2.148,3,4.8,1.570,3,3.8,1.360,1,0.0,0.000,9.86,1
623,26,A,A,Spatial,23,Pool,8/31/2023,37.0,11.314,0.306,0.032,4,18.4,5.292,1,2.8,1.152,1,3.7,1.143,3,12.0,3.727,1,0.0,0.000,18.27,1
624,26,A,A,Spatial,24,Pool,8/31/2023,24.8,7.050,0.284,0.105,3,7.7,2.139,1,1.3,0.455,1,4.4,1.260,3,11.3,3.196,1,0.0,0.000,12.48,1
625,1,A,A,Probe,1,Pool,8/31/2023,60.0,17.884,0.298,0.057,7,25.4,6.988,5,9.1,2.802,5,9.8,3.243,4,13.9,4.498,3,1.9,0.354,27.93,0
626,2,A,A,Probe,1,Pool,8/31/2023,60.0,19.246,0.321,0.060,15,33.2,10.683,8,17.7,5.807,2,1.9,0.524,2,3.6,1.120,7,3.6,1.112,18.04,0
627,3,A,A,Probe,1,Pool,8/31/2023,60.0,17.305,0.288,0.062,13,32.8,8.594,4,9.6,3.178,3,4.9,1.663,5,9.9,3.114,6,2.7,0.757,18.93,0
628,4,A,A,Probe,1,Pool,8/31/2023,60.0,17.295,0.288,0.080,8,17.2,4.947,7,28.5,7.981,3,10.4,3.177,2,3.5,1.034,1,0.4,0.156,31.47,0
629,5,A,A,Probe,1,Pool,8/31/2023,60.0,20.889,0.348,0.034,14,35.1,12.075,5,10.1,3.425,2,3.6,1.247,5,8.7,3.325,5,2.6,0.817,19.41,0
630,6,A,A,Probe,1,Pool,8/31/2023,60.0,19.540,0.326,0.085,12,40.3,12.776,1,3.0,1.107,2,5.2,1.480,5,8.4,3.198,7,3.1,0.979,19.43,0
631,7,A,A,Probe,1,Pool,8/31/2023,60.0,21.467,0.358,0.049,8,17.3,6.531,9,23.0,7.747,6,9.8,3.630,3,9.3,3.360,2,0.6,0.199,28.27,0
632,8,A,A,Probe,1,Pool,8/31/2023,60.0,19.010,0.317,0.052,10,31.8,9.582,5,11.1,3.564,3,6.3,2.391,3,8.7,2.864,4,2.1,0.609,22.00,0
633,9,A,A,Probe,1,Pool,8/31/2023,60.0,19.591,0.327,0.025,14,46.8,15.477,0,0.0,0.000,1,1.5,0.539,6,8.4,2.460,9,3.3,1.116,14.34,0
634,10,A,A,Probe,1,Pool,8/31/2023,60.0,17.614,0.294,0.049,9,38.3,11.109,4,11.6,3.480,2,5.7,1.771,2,2.7,0.810,4,1.7,0.445,20.83,0
635,11,A,A,Probe,1,Pool,8/31/2023,60.0,19.699,0.328,0.051,13,31.9,9.777,7,14.7,5.301,3,6.7,2.506,3,4.3,1.396,5,2.5,0.718,21.24,0
636,12,A,A,Probe,1,Pool,8/31/2023,60.0,17.944,0.299,0.052,9,45.2,13.227,5,6.4,1.965,2,2.9,0.957,2,3.9,1.324,4,1.5,0.470,16.80,0
637,13,A,A,Probe,1,Pool,8/31/2023,60.0,21.235,0.354,0.009,7,17.6,5.156,6,13.6,5.039,7,12.3,4.895,6,16.1,5.991,1,0.4,0.154,35.84,0
638,14,A,A,Probe,1,Pool,8/31/2023,60.0,17.404,0.290,0.059,10,25.4,7.503,5,8.0,2.421,5,11.1,3.048,6,13.9,3.963,4,1.6,0.469,25.53,0
639,15,A,A,Probe,1,Pool,8/31/2023,60.0,18.969,0.316,0.085,13,30.9,9.649,5,10.8,3.383,2,11.7,3.742,2,4.1,1.432,7,2.4,0.763,24.08,0
640,16,A,A,Probe,1,Pool,8/31/2023,60.0,20.020,0.334,0.055,10,31.2,10.151,3,1.8,0.594,3,7.1,2.663,8,19.5,6.470,2,0.5,0.142,25.28,0
641,17,A,A,Probe,1,Pool,8/31/2023,60.0,19.231,0.321,0.070,15,25.7,7.879,6,15.6,4.762,3,7.8,2.792,5,8.6,2.999,6,2.4,0.799,24.27,0
642,18,A,A,Probe,1,Pool,8/31/2023,60.0,21.363,0.356,0.061,11,32.0,10.834,7,14.2,5.246,4,6.9,2.613,6,6.2,2.361,2,0.8,0.309,22.54,0
643,19,A,A,Probe,1,Pool,8/31/2023,60.0,18.667,0.311,0.035,6,27.3,7.704,5,14.6,4.715,4,10.1,3.486,3,6.9,2.553,2,0.9,0.209,26.91,0
644,20,A,A,Probe,1,Pool,8/31/2023,60.0,16.513,0.275,0.027,7,28.4,8.002,4,9.9,2.338,4,9.8,2.548,5,11.5,3.464,1,0.5,0.161,27.97,0
645,21,A,A,Probe,1,Pool,8/31/2023,60.0,17.208,0.287,0.052,12,37.2,10.470,4,6.0,1.808,2,6.8,1.989,4,6.5,1.960,6,3.5,0.982,19.35,0
646,22,A,A,Probe,1,Pool,8/31/2023,60.0,19.583,0.326,0.060,10,28.0,9.175,4,9.3,2.962,3,5.8,1.864,6,16.3,5.306,2,0.7,0.277,23.48,0
647,23,A,A,Probe,1,Pool,8/31/2023,60.0,17.690,0.295,0.073,3,10.3,2.674,4,16.0,4.457,7,16.3,5.135,5,17.5,5.423,0,0.0,0.000,37.63,0
648,24,A,A,Probe,1,Pool,8/31/2023,60.0,17.951,0.299,0.057,8,14.3,4.601,6,23.5,5.950,5,11.4,3.469,7,10.7,3.931,0,0.0,0.000,32.74,0
649,25,A,A,Probe,1,Pool,8/31/2023,60.0,20.060,0.334,0.021,11,29.9,9.811,6,13.6,4.411,4,7.2,2.667,5,7.6,2.739,3,1.6,0.431,21.21,0
650,26,A,A,Probe,1,Pool,8/31/2023,60.0,17.791,0.297,0.089,7,29.5,8.258,5,18.3,5.695,2,3.7,1.243,2,8.0,2.440,1,0.5,0.155,26.21,0
