Test,Animal,Treatment,Code,Stage,Trial,Apparatus,Date,Time,Duration (s),Distance (m),Mean speed (m/s),Path efficiency,Q1 : entries,Q1 : time (s),Q1 : distance (m),Q2 : entries,Q2 : time (s),Q2 : distance (m),Q3 : entries,Q3 : time (s),Q3 : distance (m),Q4 : entries,Q4 : time (s),Q4 : distance (m),Platform : entries,Platform : CIPL (m·s)
1,1,A,A,Spatial,1,Pool,9/1/2023,10:20,26.3,6.599,0.251,0.116,1,16.5,3.852,1,4.8,0.869,1,1.6,0.559,1,3.3,1.319,1,20.68
2,1,A,A,Spatial,2,Pool,9/1/2023,10:21,33.0,10.295,0.312,0.127,3,15.1,4.378,2,5.7,1.687,2,6.1,2.088,2,6.0,2.142,1,22.25
3,2,A,A,Spatial,1,Pool,9/1/2023,10:22,60.0,16.272,0.271,0.075,7,36.6,9.118,6,10.3,3.454,2,2.4,0.808,3,10.7,2.891,0,51.89
4,2,A,A,Spatial,2,Pool,9/1/2023,10:23,60.0,17.658,0.294,0.060,4,21.7,5.550,5,23.0,7.236,2,10.5,3.472,1,4.8,1.400,0,46.84
5,3,A,A,Spatial,1,Pool,9/1/2023,10:25,5.5,1.829,0.334,0.629,1,0.6,0.058,0,0.0,0.000,1,1.5,0.532,1,3.4,1.239,1,1.61
6,3,A,A,Spatial,2,Pool,9/1/2023,10:26,11.8,4.093,0.348,0.306,1,2.8,0.980,0,0.0,0.000,1,5.7,1.855,1,3.2,1.258,1,4.79
7,4,A,A,Spatial,1,Pool,9/1/2023,10:26,19.7,5.635,0.286,0.195,2,11.9,3.403,2,3.7,0.817,1,0.9,0.277,1,3.2,1.138,1,14.69
8,4,A,A,Spatial,2,Pool,9/1/2023,10:27,1.5,0.430,0.280,0.980,1,0.5,0.065,1,0.1,0.052,1,0.9,0.313,0,0.0,0.000,1,0.06
9,5,A,A,Spatial,1,Pool,9/1/2023,10:28,60.0,19.425,0.324,0.051,4,22.4,6.797,2,5.5,2.163,4,14.5,4.808,6,17.5,5.658,0,41.46
10,5,A,A,Spatial,2,Pool,9/1/2023,10:30,19.1,7.250,0.379,0.167,3,9.9,3.560,3,5.7,2.298,2,1.5,0.504,2,2.0,0.889,1,12.59
11,6,A,A,Spatial,1,Pool,9/1/2023,10:31,60.0,16.487,0.275,0.017,6,39.2,10.663,4,6.2,1.945,1,3.2,0.895,2,11.5,2.983,0,53.87
12,6,A,A,Spatial,2,Pool,9/1/2023,10:33,57.0,15.823,0.277,0.061,4,19.6,5.049,2,4.5,1.701,4,10.4,3.020,6,22.5,6.054,1,41.65
13,7,A,A,Spatial,1,Pool,9/1/2023,10:34,37.1,12.145,0.327,0.070,4,14.6,4.940,5,21.6,6.927,1,0.9,0.278,0,0.0,0.000,1,30.02
14,7,A,A,Spatial,2,Pool,9/1/2023,10:35,1.6,0.358,0.221,0.902,0,0.0,0.000,0,0.0,0.000,1,1.6,0.358,0,0.0,0.000,1,0.06
15,8,A,A,Spatial,1,Pool,9/1/2023,10:36,60.0,20.006,0.333,0.044,7,25.3,8.200,3,9.2,3.736,2,5.8,2.049,6,19.8,6.021,0,47.08
16,8,A,A,Spatial,2,Pool,9/1/2023,10:38,60.0,18.381,0.306,0.007,3,12.3,3.667,6,22.3,7.226,4,12.6,3.466,2,12.8,4.022,0,43.76
17,9,A,A,Spatial,1,Pool,9/1/2023,10:40,60.0,22.525,0.375,0.051,9,34.0,12.638,3,6.4,2.478,2,5.1,2.336,8,14.5,5.074,0,47.75
18,9,A,A,Spatial,2,Pool,9/1/2023,10:41,60.0,20.107,0.335,0.064,4,18.6,6.094,5,19.1,6.849,3,18.3,5.449,2,4.0,1.715,0,39.05
19,10,A,A,Spatial,1,Pool,9/1/2023,10:43,60.0,17.368,0.289,0.057,5,41.8,11.731,3,5.0,1.657,3,2.5,0.527,5,10.6,3.453,0,50.78
20,10,A,A,Spatial,2,Pool,9/1/2023,10:45,18.3,4.978,0.272,0.236,1,7.3,1.933,2,5.6,1.590,2,5.3,1.456,0,0.0,0.000,1,8.32
21,11,A,A,Spatial,1,Pool,9/1/2023,10:45,60.0,18.770,0.313,0.019,5,29.6,8.334,3,11.2,3.730,2,5.2,2.041,5,14.0,4.665,0,45.95
22,11,A,A,Spatial,2,Pool,9/1/2023,10:47,60.0,19.845,0.331,0.065,5,19.2,5.895,5,15.1,5.380,4,11.6,3.709,4,14.1,4.861,0,42.89
23,12,A,A,Spatial,1,Pool,9/1/2023,10:49,60.0,16.231,0.271,0.065,8,46.4,12.134,3,4.0,0.887,2,1.9,0.602,7,7.6,2.608,0,55.80
24,12,A,A,Spatial,2,Pool,9/1/2023,10:51,60.0,18.705,0.312,0.048,5,18.7,5.769,7,14.6,4.234,7,14.8,4.224,5,12.0,4.478,0,39.98
25,13,A,A,Spatial,1,Pool,9/1/2023,10:52,1.5,0.441,0.297,0.922,0,0.0,0.000,0,0.0,0.000,1,1.5,0.441,0,0.0,0.000,1,0.08
26,13,A,A,Spatial,2,Pool,9/1/2023,10:53,3.0,1.153,0.383,0.682,0,0.0,0.000,1,2.1,0.823,1,0.9,0.330,0,0.0,0.000,1,0.69
27,14,A,A,Spatial,1,Pool,9/1/2023,10:53,29.1,9.366,0.322,0.112,5,18.8,5.994,3,6.8,2.116,1,0.7,0.281,2,2.8,0.975,1,23.53
28,14,A,A,Spatial,2,Pool,9/1/2023,10:54,34.2,10.095,0.295,0.088,3,9.9,3.342,3,8.2,2.211,3,7.0,1.580,3,9.1,2.962,1,21.25
29,15,A,A,Spatial,1,Pool,9/1/2023,10:55,1.6,0.386,0.236,0.973,0,0.0,0.000,0,0.0,0.000,1,1.6,0.386,0,0.0,0.000,1,0.05
30,15,A,A,Spatial,2,Pool,9/1/2023,10:56,60.0,19.437,0.324,0.009,7,43.6,13.482,3,7.7,2.450,1,3.3,1.383,4,5.3,2.122,0,52.90
31,16,A,A,Spatial,1,Pool,9/1/2023,10:59,38.3,12.618,0.330,0.056,6,14.0,4.846,3,5.7,1.655,2,4.3,1.524,5,14.2,4.592,1,26.08
32,16,A,A,Spatial,2,Pool,9/1/2023,11:00,60.0,20.310,0.339,0.024,7,24.3,7.938,5,12.4,4.309,3,12.1,3.872,4,11.2,4.192,0,42.00
33,17,A,A,Spatial,1,Pool,9/1/2023,11:02,60.0,18.909,0.315,0.065,4,14.3,4.690,6,35.0,10.569,3,3.2,1.134,2,7.5,2.516,0,42.99
34,17,A,A,Spatial,2,Pool,9/1/2023,11:03,22.6,7.389,0.327,0.123,3,9.2,3.148,2,4.6,1.412,2,5.3,1.493,3,3.5,1.337,1,13.27
35,18,A,A,Spatial,1,Pool,9/1/2023,11:04,35.0,11.320,0.323,0.092,5,16.1,4.904,4,9.5,3.360,2,6.9,2.084,2,2.5,0.973,1,23.10
36,18,A,A,Spatial,2,Pool,9/1/2023,11:05,7.1,2.350,0.330,0.332,1,0.5,0.190,1,1.1,0.280,2,2.4,0.803,2,3.1,1.077,1,1.66
37,19,A,A,Spatial,1,Pool,9/1/2023,11:08,41.6,13.006,0.313,0.085,4,23.7,6.691,3,9.7,3.392,2,4.9,1.764,2,3.2,1.159,1,33.41
38,19,A,A,Spatial,2,Pool,9/1/2023,11:10,2.9,0.897,0.314,0.943,0,0.0,0.000,1,1.9,0.566,1,0.9,0.331,0,0.0,0.000,1,0.28
39,20,A,A,Spatial,1,Pool,9/1/2023,11:10,22.2,5.713,0.258,0.145,2,8.4,2.364,1,1.7,0.586,1,1.7,0.517,2,10.3,2.245,1,16.70
40,20,A,A,Spatial,2,Pool,9/1/2023,11:11,33.1,9.398,0.284,0.079,3,10.4,3.107,1,1.0,0.080,3,10.1,2.798,5,11.6,3.414,1,20.08
41,21,A,A,Spatial,1,Pool,9/1/2023,11:12,30.2,8.995,0.298,0.142,4,13.0,3.778,3,11.3,3.694,1,1.1,0.261,1,4.7,1.262,1,24.04
42,21,A,A,Spatial,2,Pool,9/1/2023,11:13,6.0,2.037,0.339,0.497,1,3.1,1.096,1,0.4,0.149,1,1.4,0.422,1,1.1,0.370,1,2.68
43,22,A,A,Spatial,1,Pool,9/1/2023,11:13,60.0,17.690,0.295,0.060,6,28.7,8.144,4,14.9,4.132,2,4.8,1.645,4,11.6,3.769,0,49.69
44,22,A,A,Spatial,2,Pool,9/1/2023,11:15,20.8,6.325,0.305,0.140,1,4.5,1.322,1,3.1,1.104,2,6.4,2.030,2,6.7,1.870,1,13.07
45,23,A,A,Spatial,1,Pool,9/1/2023,11:15,29.7,9.768,0.329,0.088,3,11.4,3.356,3,10.5,3.471,2,4.4,1.570,1,3.3,1.370,1,21.61
46,23,A,A,Spatial,2,Pool,9/1/2023,11:17,14.5,4.444,0.307,0.266,1,3.2,1.029,1,4.1,1.228,2,6.8,2.073,1,0.3,0.114,1,4.93
47,24,A,A,Spatial,1,Pool,9/1/2023,11:17,38.1,9.050,0.238,0.086,1,0.9,0.332,4,28.5,6.730,4,8.0,1.729,1,0.7,0.259,1,23.50
48,24,A,A,Spatial,2,Pool,9/1/2023,11:19,4.8,1.469,0.305,0.613,0,0.0,0.000,0,0.0,0.000,1,2.9,0.780,1,1.9,0.689,1,0.60
49,25,A,A,Spatial,1,Pool,9/1/2023,11:19,60.0,20.227,0.337,0.016,8,24.8,7.802,4,11.1,3.821,2,6.0,2.530,5,18.1,6.073,0,45.59
50,25,A,A,Spatial,2,Pool,9/1/2023,11:21,7.9,2.582,0.326,0.438,2,2.0,0.451,2,4.7,1.760,1,1.2,0.371,0,0.0,0.000,1,4.21
51,26,A,A,Spatial,1,Pool,9/1/2023,11:22,60.0,18.444,0.307,0.063,4,23.9,6.788,3,11.2,3.741,4,11.9,3.450,4,12.9,4.465,0,46.42
52,26,A,A,Spatial,2,Pool,9/1/2023,11:23,26.6,9.511,0.357,0.092,2,7.1,2.455,2,4.0,1.394,3,4.7,1.863,3,10.9,3.799,1,17.51
53,1,A,A,Spatial,3,Pool,9/1/2023,11:37,12.7,3.435,0.270,0.264,0,0.0,0.000,0,0.0,0.000,2,3.4,0.985,2,9.2,2.450,1,5.02
54,1,A,A,Spatial,4,Pool,9/1/2023,11:37,1.9,0.496,0.258,0.930,0,0.0,0.000,0,0.0,0.000,1,1.9,0.496,0,0.0,0.000,1,0.09
55,2,A,A,Spatial,3,Pool,9/1/2023,11:38,60.0,17.727,0.295,0.070,8,32.7,9.944,6,12.7,3.520,2,4.4,1.339,5,10.2,2.924,0,50.80
56,2,A,A,Spatial,4,Pool,9/1/2023,11:40,60.0,17.101,0.285,0.073,4,18.5,5.587,5,19.1,5.465,3,17.7,4.534,2,4.7,1.515,0,40.11
57,3,A,A,Spatial,3,Pool,9/1/2023,11:41,14.5,3.902,0.268,0.272,0,0.0,0.000,0,0.0,0.000,1,12.0,3.081,1,2.5,0.822,1,2.48
58,3,A,A,Spatial,4,Pool,9/1/2023,11:42,2.6,0.839,0.327,0.985,0,0.0,0.000,1,1.7,0.557,1,0.8,0.282,0,0.0,0.000,1,0.15
59,4,A,A,Spatial,3,Pool,9/1/2023,11:42,21.5,6.916,0.322,0.092,2,2.1,0.632,3,4.5,1.620,3,9.1,2.935,2,5.8,1.730,1,9.79
60,4,A,A,Spatial,4,Pool,9/1/2023,11:43,4.9,1.373,0.283,0.643,0,0.0,0.000,1,3.8,1.040,1,1.1,0.333,0,0.0,0.000,1,1.74
61,5,A,A,Spatial,3,Pool,9/1/2023,11:43,14.6,4.745,0.326,0.225,1,2.7,1.008,2,2.8,0.799,2,8.5,2.700,1,0.5,0.238,1,4.57
62,5,A,A,Spatial,4,Pool,9/1/2023,11:44,3.3,1.072,0.328,0.665,0,0.0,0.000,1,2.2,0.753,1,1.1,0.319,0,0.0,0.000,1,0.54
63,6,A,A,Spatial,3,Pool,9/1/2023,11:44,60.0,17.097,0.285,0.064,7,29.5,8.292,5,15.4,4.753,2,6.7,1.860,4,8.4,2.192,0,46.11
64,6,A,A,Spatial,4,Pool,9/1/2023,11:46,3.6,1.163,0.323,0.748,0,0.0,0.000,0,0.0,0.000,1,1.9,0.630,1,1.7,0.533,1,0.55
65,7,A,A,Spatial,3,Pool,9/1/2023,11:46,11.5,3.452,0.301,0.263,1,1.1,0.238,0,0.0,0.000,1,2.9,1.154,2,7.5,2.059,1,5.57
66,7,A,A,Spatial,4,Pool,9/1/2023,11:47,8.4,2.961,0.351,0.186,0,0.0,0.000,1,0.7,0.152,2,5.2,1.770,1,2.5,1.039,1,2.15
67,8,A,A,Spatial,3,Pool,9/1/2023,11:47,17.8,5.695,0.320,0.207,2,11.3,3.462,1,3.6,1.282,1,1.5,0.450,1,1.5,0.501,1,13.55
68,8,A,A,Spatial,4,Pool,9/1/2023,11:48,45.2,13.784,0.305,0.056,3,9.1,2.656,3,6.5,1.856,4,12.5,3.982,4,17.0,5.289,1,26.52
69,9,A,A,Spatial,3,Pool,9/1/2023,11:49,6.4,2.037,0.319,0.469,1,1.5,0.553,1,3.3,0.916,1,0.7,0.166,1,0.9,0.402,1,2.48
70,9,A,A,Spatial,4,Pool,9/1/2023,11:49,19.5,6.830,0.351,0.127,4,2.4,0.622,0,0.0,0.000,2,10.5,3.665,6,6.5,2.543,1,7.76
71,10,A,A,Spatial,3,Pool,9/1/2023,11:50,60.0,17.295,0.288,0.022,9,32.1,9.402,5,15.1,3.994,1,1.3,0.489,4,11.5,3.411,0,44.11
72,10,A,A,Spatial,4,Pool,9/1/2023,11:51,8.1,2.265,0.281,0.419,0,0.0,0.000,1,2.4,0.708,1,5.6,1.556,0,0.0,0.000,1,1.36
73,11,A,A,Spatial,3,Pool,9/1/2023,11:52,23.3,7.593,0.326,0.129,2,5.3,1.561,2,4.6,1.393,3,5.5,2.035,3,7.9,2.604,1,11.13
74,11,A,A,Spatial,4,Pool,9/1/2023,11:53,21.7,7.527,0.346,0.090,1,2.1,0.771,2,5.1,1.621,3,11.2,3.950,2,3.3,1.185,1,8.97
75,12,A,A,Spatial,3,Pool,9/1/2023,11:53,14.6,3.832,0.262,0.314,1,11.9,2.872,0,0.0,0.000,1,0.7,0.222,1,2.0,0.738,1,9.92
76,12,A,A,Spatial,4,Pool,9/1/2023,11:54,13.5,5.104,0.379,0.220,2,3.7,1.345,1,3.1,1.301,2,2.9,1.079,3,3.7,1.379,1,6.57
77,13,A,A,Spatial,3,Pool,9/1/2023,11:54,5.7,1.944,0.339,0.543,2,2.7,0.880,2,1.7,0.596,1,1.2,0.408,1,0.1,0.060,1,2.22
78,13,A,A,Spatial,4,Pool,9/1/2023,11:55,2.6,1.042,0.401,0.764,0,0.0,0.000,0,0.0,0.000,1,1.5,0.592,1,1.1,0.450,1,0.35
79,14,A,A,Spatial,3,Pool,9/1/2023,11:55,19.6,6.298,0.321,0.179,3,6.4,2.192,2,2.1,0.599,3,6.2,1.922,3,4.8,1.584,1,7.01
80,14,A,A,Spatial,4,Pool,9/1/2023,11:56,3.6,1.156,0.320,0.953,1,1.1,0.324,1,1.3,0.489,1,1.2,0.343,0,0.0,0.000,1,0.08
81,15,A,A,Spatial,3,Pool,9/1/2023,11:56,26.8,8.787,0.328,0.085,4,15.1,4.947,1,4.1,1.344,1,0.8,0.227,4,6.8,2.268,1,20.76
82,15,A,A,Spatial,4,Pool,9/1/2023,11:57,47.1,16.434,0.349,0.039,4,11.0,3.908,4,13.9,4.495,4,12.9,4.389,4,9.4,3.641,1,30.56
83,16,A,A,Spatial,3,Pool,9/1/2023,12:00,60.0,20.314,0.339,0.074,6,25.2,8.332,5,19.2,6.286,3,7.9,2.715,3,7.7,2.981,0,45.45
84,16,A,A,Spatial,4,Pool,9/1/2023,12:01,11.1,4.128,0.371,0.217,0,0.0,0.000,1,3.7,1.537,3,3.6,1.165,2,3.8,1.426,1,4.04
85,17,A,A,Spatial,3,Pool,9/1/2023,12:02,44.0,15.259,0.347,0.024,6,17.5,6.245,3,7.3,2.357,4,6.9,2.205,6,12.2,4.453,1,31.87
86,17,A,A,Spatial,4,Pool,9/1/2023,12:03,30.7,10.205,0.332,0.075,3,6.4,1.942,4,10.2,3.686,3,12.0,3.744,2,2.0,0.833,1,14.96
87,18,A,A,Spatial,3,Pool,9/1/2023,12:04,7.8,2.378,0.306,0.568,2,4.5,1.419,1,1.1,0.261,1,2.0,0.635,1,0.2,0.062,1,2.15
88,18,A,A,Spatial,4,Pool,9/1/2023,12:04,2.9,0.935,0.327,0.812,0,0.0,0.000,0,0.0,0.000,1,1.5,0.457,1,1.4,0.478,1,0.17
89,19,A,A,Spatial,3,Pool,9/1/2023,12:05,26.6,9.580,0.360,0.062,2,6.0,2.048,2,4.8,1.538,3,11.6,4.197,2,4.3,1.798,1,14.22
90,19,A,A,Spatial,4,Pool,9/1/2023,12:05,60.0,17.575,0.293,0.065,1,3.3,0.761,3,7.9,2.280,8,30.8,9.181,6,17.9,5.353,0,25.58
91,20,A,A,Spatial,3,Pool,9/1/2023,12:07,2.6,0.782,0.305,0.925,0,0.0,0.000,0,0.0,0.000,1,0.8,0.262,1,1.8,0.521,1,0.17
92,20,A,A,Spatial,4,Pool,9/1/2023,12:07,2.3,0.612,0.268,0.841,0,0.0,0.000,0,0.0,0.000,1,2.3,0.612,0,0.0,0.000,1,0.16
93,21,A,A,Spatial,3,Pool,9/1/2023,12:08,19.7,6.537,0.332,0.144,1,6.0,1.862,1,1.7,0.444,2,8.8,2.611,2,3.2,1.619,1,11.20
94,21,A,A,Spatial,4,Pool,9/1/2023,12:08,2.0,0.571,0.289,0.905,0,0.0,0.000,0,0.0,0.000,1,2.0,0.571,0,0.0,0.000,1,0.09
95,22,A,A,Spatial,3,Pool,9/1/2023,12:09,22.9,7.270,0.317,0.149,2,4.4,1.382,2,7.4,2.495,2,5.6,1.654,2,5.5,1.740,1,12.70
96,22,A,A,Spatial,4,Pool,9/1/2023,12:09,25.3,7.636,0.302,0.140,3,11.6,3.489,2,4.8,1.597,2,2.8,0.673,3,6.0,1.877,1,17.41
97,23,A,A,Spatial,3,Pool,9/1/2023,12:10,33.9,11.148,0.329,0.100,2,5.3,1.708,2,8.4,2.676,3,2.9,1.030,4,17.2,5.734,1,19.86
98,23,A,A,Spatial,4,Pool,9/1/2023,12:11,31.1,10.877,0.349,0.055,2,7.9,2.620,3,6.7,2.400,3,10.0,3.290,2,6.5,2.567,1,20.35
99,24,A,A,Spatial,3,Pool,9/1/2023,12:12,3.3,1.096,0.333,0.960,0,0.0,0.000,0,0.0,0.000,1,0.8,0.202,1,2.5,0.894,1,0.09
100,24,A,A,Spatial,4,Pool,9/1/2023,12:12,8.7,2.839,0.328,0.245,0,0.0,0.000,1,2.4,0.880,1,6.3,1.959,0,0.0,0.000,1,2.12
101,25,A,A,Spatial,3,Pool,9/1/2023,12:12,60.0,22.886,0.381,0.011,7,13.6,4.931,4,8.0,3.374,6,20.3,7.169,8,18.1,7.411,0,33.02
102,25,A,A,Spatial,4,Pool,9/1/2023,12:14,6.4,2.084,0.328,0.386,0,0.0,0.000,0,0.0,0.000,1,1.1,0.312,1,5.3,1.773,1,2.22
103,26,A,A,Spatial,3,Pool,9/1/2023,12:14,35.0,9.697,0.277,0.099,3,9.1,1.974,5,14.3,4.070,4,10.3,3.270,2,1.3,0.383,1,21.14
104,26,A,A,Spatial,4,Pool,9/1/2023,12:15,12.2,4.166,0.341,0.216,1,3.1,0.937,1,2.0,0.794,2,2.3,0.583,2,4.9,1.852,1,6.57
105,1,A,A,Spatial,5,Pool,9/1/2023,12:19,8.8,2.894,0.329,0.435,2,4.8,1.481,2,3.1,1.125,1,0.9,0.288,0,0.0,0.000,1,4.70
106,1,A,A,Spatial,6,Pool,9/1/2023,12:20,5.8,1.961,0.338,0.460,0,0.0,0.000,0,0.0,0.000,1,2.3,0.703,1,3.5,1.258,1,1.94
107,2,A,A,Spatial,5,Pool,9/1/2023,12:20,18.0,4.264,0.236,0.253,1,1.6,0.509,2,14.3,3.119,1,2.1,0.636,0,0.0,0.000,1,12.52
108,2,A,A,Spatial,6,Pool,9/1/2023,12:21,60.0,18.158,0.303,0.046,6,19.9,5.552,6,27.0,7.817,3,6.3,2.440,3,6.8,2.349,0,47.05
109,3,A,A,Spatial,5,Pool,9/1/2023,12:23,10.5,3.547,0.339,0.325,1,2.3,0.886,1,0.5,0.065,2,5.6,1.762,1,2.0,0.834,1,3.01
110,3,A,A,Spatial,6,Pool,9/1/2023,12:23,10.3,2.927,0.283,0.447,1,1.4,0.481,0,0.0,0.000,2,5.2,1.214,2,3.7,1.232,1,2.18
111,4,A,A,Spatial,5,Pool,9/1/2023,12:24,3.9,1.268,0.323,0.761,0,0.0,0.000,0,0.0,0.000,1,0.9,0.251,1,3.0,1.017,1,0.97
112,4,A,A,Spatial,6,Pool,9/1/2023,12:24,14.0,4.412,0.314,0.158,0,0.0,0.000,1,2.7,0.966,1,11.3,3.445,0,0.0,0.000,1,3.29
113,5,A,A,Spatial,5,Pool,9/1/2023,12:25,12.5,4.818,0.385,0.190,1,1.1,0.457,1,1.6,0.680,2,5.1,1.986,2,4.7,1.695,1,4.91
114,5,A,A,Spatial,6,Pool,9/1/2023,12:26,6.4,2.375,0.373,0.406,1,0.4,0.177,2,1.8,0.740,1,4.1,1.458,0,0.0,0.000,1,1.06
115,6,A,A,Spatial,5,Pool,9/1/2023,12:26,54.5,16.545,0.303,0.072,4,11.6,4.013,3,9.1,2.599,5,19.5,5.295,5,14.4,4.638,1,29.33
116,6,A,A,Spatial,6,Pool,9/1/2023,12:27,5.0,1.355,0.272,0.353,0,0.0,0.000,0,0.0,0.000,1,5.0,1.355,0,0.0,0.000,1,0.96
117,7,A,A,Spatial,5,Pool,9/1/2023,12:28,3.0,0.952,0.313,0.926,0,0.0,0.000,1,1.8,0.565,1,1.2,0.387,0,0.0,0.000,1,0.19
118,7,A,A,Spatial,6,Pool,9/1/2023,12:28,3.6,1.190,0.327,0.781,0,0.0,0.000,0,0.0,0.000,1,0.8,0.204,1,2.8,0.986,1,0.63
119,8,A,A,Spatial,5,Pool,9/1/2023,12:28,21.4,6.988,0.327,0.084,3,4.5,1.424,5,7.9,2.525,3,3.7,1.420,2,5.2,1.620,1,11.03
120,8,A,A,Spatial,6,Pool,9/1/2023,12:29,29.0,8.780,0.303,0.077,2,8.1,2.594,1,2.8,0.938,2,6.5,1.726,3,11.5,3.522,1,16.94
121,9,A,A,Spatial,5,Pool,9/1/2023,12:30,11.2,3.702,0.330,0.319,1,2.1,0.854,3,3.5,1.116,3,5.6,1.732,0,0.0,0.000,1,2.59
122,9,A,A,Spatial,6,Pool,9/1/2023,12:31,6.7,2.588,0.384,0.336,0,0.0,0.000,2,3.1,1.105,2,3.6,1.483,0,0.0,0.000,1,1.56
123,10,A,A,Spatial,5,Pool,9/1/2023,12:31,20.6,6.895,0.334,0.153,2,2.2,0.687,1,1.6,0.479,3,10.7,3.658,3,6.1,2.071,1,6.10
124,10,A,A,Spatial,6,Pool,9/1/2023,12:32,3.0,0.780,0.258,0.803,0,0.0,0.000,0,0.0,0.000,1,1.1,0.237,1,1.9,0.543,1,0.29
125,11,A,A,Spatial,5,Pool,9/1/2023,12:32,10.6,2.644,0.249,0.183,0,0.0,0.000,1,0.7,0.104,2,7.9,2.052,1,2.0,0.487,1,2.28
126,11,A,A,Spatial,6,Pool,9/1/2023,12:33,5.6,1.610,0.290,0.639,1,0.8,0.096,1,3.9,1.215,1,0.9,0.299,0,0.0,0.000,1,2.08
127,12,A,A,Spatial,5,Pool,9/1/2023,12:33,28.0,8.323,0.298,0.135,1,6.3,1.756,3,11.4,3.208,3,9.3,2.983,1,0.9,0.376,1,14.32
128,12,A,A,Spatial,6,Pool,9/1/2023,12:34,8.2,2.411,0.296,0.259,0,0.0,0.000,2,7.1,2.061,2,1.1,0.350,0,0.0,0.000,1,4.22
129,13,A,A,Spatial,5,Pool,9/1/2023,12:35,11.6,3.946,0.341,0.300,3,7.5,2.665,3,1.5,0.520,2,1.8,0.526,1,0.7,0.237,1,5.70
130,13,A,A,Spatial,6,Pool,9/1/2023,12:35,18.4,6.512,0.354,0.122,1,2.7,1.207,2,7.0,2.635,2,6.9,1.904,1,1.7,0.766,1,9.62
131,14,A,A,Spatial,5,Pool,9/1/2023,12:36,15.1,4.398,0.290,0.246,2,2.1,0.485,0,0.0,0.000,1,4.6,1.289,2,8.4,2.624,1,4.70
132,14,A,A,Spatial,6,Pool,9/1/2023,12:37,5.3,1.621,0.308,0.485,1,1.2,0.278,1,0.8,0.241,1,1.1,0.329,1,2.2,0.772,1,1.57
133,15,A,A,Spatial,5,Pool,9/1/2023,12:37,8.7,3.098,0.357,0.335,0,0.0,0.000,1,3.2,1.203,2,3.2,1.151,1,2.3,0.744,1,2.54
134,15,A,A,Spatial,6,Pool,9/1/2023,12:38,12.9,4.569,0.354,0.198,2,3.6,1.302,2,4.6,1.582,2,4.5,1.613,1,0.2,0.073,1,6.10
135,16,A,A,Spatial,5,Pool,9/1/2023,12:40,16.1,4.396,0.273,0.187,1,3.2,0.891,0,0.0,0.000,2,6.4,1.443,3,6.4,2.061,1,5.73
136,16,A,A,Spatial,6,Pool,9/1/2023,12:40,5.6,1.847,0.330,0.519,0,0.0,0.000,1,2.8,1.054,1,2.8,0.793,0,0.0,0.000,1,1.08
137,17,A,A,Spatial,5,Pool,9/1/2023,12:41,4.8,1.407,0.294,0.799,1,1.0,0.325,0,0.0,0.000,1,1.6,0.479,2,2.1,0.604,1,0.52
138,17,A,A,Spatial,6,Pool,9/1/2023,12:41,7.7,3.078,0.398,0.254,1,2.1,0.871,1,2.1,0.885,1,1.5,0.429,1,2.0,0.893,1,4.13
139,18,A,A,Spatial,5,Pool,9/1/2023,12:42,14.9,4.277,0.288,0.290,3,3.7,1.001,2,1.5,0.390,2,6.0,1.694,2,3.7,1.193,1,3.67
140,18,A,A,Spatial,6,Pool,9/1/2023,12:42,3.4,1.142,0.339,0.860,0,0.0,0.000,1,2.0,0.748,1,1.3,0.394,0,0.0,0.000,1,0.22
141,19,A,A,Spatial,5,Pool,9/1/2023,12:43,14.4,4.777,0.332,0.231,1,1.8,0.681,2,4.1,1.313,3,5.4,1.575,2,3.0,1.209,1,5.52
142,19,A,A,Spatial,6,Pool,9/1/2023,12:43,3.4,0.948,0.278,0.535,0,0.0,0.000,0,0.0,0.000,1,2.9,0.885,1,0.5,0.063,1,0.53
143,20,A,A,Spatial,5,Pool,9/1/2023,12:44,7.2,2.215,0.308,0.402,1,1.6,0.361,2,2.9,1.074,2,1.9,0.516,1,0.8,0.265,1,1.92
144,20,A,A,Spatial,6,Pool,9/1/2023,12:44,5.2,1.553,0.299,0.804,0,0.0,0.000,1,3.2,0.972,1,2.0,0.581,0,0.0,0.000,1,0.66
145,21,A,A,Spatial,5,Pool,9/1/2023,12:45,10.0,3.482,0.348,0.280,0,0.0,0.000,1,3.1,1.062,2,4.8,1.770,1,2.1,0.649,1,3.45
146,21,A,A,Spatial,6,Pool,9/1/2023,12:45,6.3,2.141,0.339,0.554,0,0.0,0.000,0,0.0,0.000,1,3.7,1.084,1,2.6,1.057,1,1.36
147,22,A,A,Spatial,5,Pool,9/1/2023,12:46,18.8,5.500,0.292,0.236,2,5.4,1.637,1,2.1,0.736,2,2.7,0.650,2,8.7,2.478,1,11.01
148,22,A,A,Spatial,6,Pool,9/1/2023,12:46,27.0,7.695,0.285,0.142,3,6.0,1.578,0,0.0,0.000,2,4.9,1.221,5,16.0,4.896,1,14.07
149,23,A,A,Spatial,5,Pool,9/1/2023,12:47,3.7,1.333,0.358,0.835,0,0.0,0.000,0,0.0,0.000,1,1.1,0.242,1,2.6,1.091,1,0.43
150,23,A,A,Spatial,6,Pool,9/1/2023,12:47,1.9,0.577,0.305,0.971,0,0.0,0.000,1,0.5,0.083,1,1.4,0.494,0,0.0,0.000,1,0.05
151,24,A,A,Spatial,5,Pool,9/1/2023,12:48,14.8,4.557,0.309,0.263,0,0.0,0.000,0,0.0,0.000,2,9.6,2.967,2,5.2,1.590,1,3.64
152,24,A,A,Spatial,6,Pool,9/1/2023,12:49,3.8,1.039,0.275,0.753,0,0.0,0.000,1,1.1,0.334,1,2.7,0.706,0,0.0,0.000,1,0.20
153,25,A,A,Spatial,5,Pool,9/1/2023,12:49,6.8,2.343,0.345,0.168,0,0.0,0.000,0,0.0,0.000,2,4.1,1.384,1,2.7,0.959,1,2.00
154,25,A,A,Spatial,6,Pool,9/1/2023,12:49,19.1,7.016,0.367,0.104,1,1.1,0.418,1,0.9,0.359,3,9.5,3.333,3,7.6,2.907,1,8.15
155,26,A,A,Spatial,5,Pool,9/1/2023,12:50,51.4,14.639,0.285,0.077,1,2.4,0.549,4,11.0,3.050,7,27.0,7.787,4,10.9,3.253,1,19.81
156,26,A,A,Spatial,6,Pool,9/1/2023,12:51,21.0,5.527,0.263,0.177,1,4.8,1.247,2,3.5,1.298,2,6.5,1.692,1,6.2,1.290,1,10.95
157,1,A,A,Spatial,7,Pool,9/2/2023,9:52:,60.0,19.096,0.318,0.056,5,16.7,5.309,4,10.3,3.076,4,15.8,4.797,5,17.2,5.914,0,38.30
158,1,A,A,Spatial,8,Pool,9/2/2023,9:53:,2.4,0.706,0.299,0.874,0,0.0,0.000,0,0.0,0.000,1,2.3,0.706,0,0.0,0.000,1,0.18
159,2,A,A,Spatial,7,Pool,9/2/2023,9:54:,17.6,5.045,0.287,0.233,1,1.3,0.354,1,5.6,1.726,2,3.2,1.181,1,7.5,1.785,1,10.43
160,2,A,A,Spatial,8,Pool,9/2/2023,9:55:,57.1,18.281,0.320,0.053,6,12.1,3.616,7,16.7,5.607,6,10.4,3.589,5,17.9,5.469,1,38.15
161,3,A,A,Spatial,7,Pool,9/2/2023,9:56:,21.8,6.473,0.297,0.124,2,7.1,1.997,3,2.2,0.634,4,5.2,1.442,3,7.2,2.401,1,9.05
162,3,A,A,Spatial,8,Pool,9/2/2023,9:56:,1.8,0.480,0.274,0.958,0,0.0,0.000,0,0.0,0.000,1,1.7,0.480,0,0.0,0.000,1,0.09
163,4,A,A,Spatial,7,Pool,9/2/2023,9:57:,5.3,1.575,0.295,0.444,0,0.0,0.000,0,0.0,0.000,1,0.9,0.234,1,4.4,1.340,1,2.38
164,4,A,A,Spatial,8,Pool,9/2/2023,9:57:,6.7,1.583,0.237,0.320,0,0.0,0.000,0,0.0,0.000,1,6.7,1.583,0,0.0,0.000,1,1.71
165,5,A,A,Spatial,7,Pool,9/2/2023,9:57:,7.4,2.568,0.346,0.398,1,2.8,1.023,1,1.9,0.602,1,0.8,0.172,1,1.9,0.771,1,4.39
166,5,A,A,Spatial,8,Pool,9/2/2023,9:58:,8.7,2.930,0.337,0.213,0,0.0,0.000,1,3.2,1.085,2,5.5,1.845,0,0.0,0.000,1,2.66
167,6,A,A,Spatial,7,Pool,9/2/2023,9:58:,5.2,1.699,0.324,0.694,0,0.0,0.000,1,3.9,1.228,1,1.4,0.471,0,0.0,0.000,1,1.54
168,6,A,A,Spatial,8,Pool,9/2/2023,9:58:,3.6,1.214,0.338,0.652,0,0.0,0.000,0,0.0,0.000,1,2.0,0.651,1,1.6,0.564,1,0.55
169,7,A,A,Spatial,7,Pool,9/2/2023,9:59:,6.1,1.679,0.274,0.562,0,0.0,0.000,0,0.0,0.000,1,1.3,0.363,1,4.8,1.316,1,2.03
170,7,A,A,Spatial,8,Pool,9/2/2023,9:59:,3.8,1.183,0.315,0.830,0,0.0,0.000,1,2.7,0.869,1,1.1,0.314,0,0.0,0.000,1,0.60
171,8,A,A,Spatial,7,Pool,9/2/2023,10:00,13.6,3.727,0.274,0.184,0,0.0,0.000,0,0.0,0.000,1,5.5,1.473,1,8.1,2.254,1,4.79
172,8,A,A,Spatial,8,Pool,9/2/2023,10:00,11.9,3.812,0.322,0.113,2,4.3,1.343,2,5.0,1.622,2,1.6,0.540,2,0.9,0.306,1,6.63
173,9,A,A,Spatial,7,Pool,9/2/2023,10:02,17.7,6.893,0.389,0.185,2,10.4,3.565,1,0.5,0.262,2,4.0,1.727,2,2.8,1.339,1,10.90
174,9,A,A,Spatial,8,Pool,9/2/2023,10:03,5.5,1.909,0.345,0.478,0,0.0,0.000,0,0.0,0.000,1,1.3,0.454,1,4.2,1.456,1,2.53
175,10,A,A,Spatial,7,Pool,9/2/2023,10:03,9.3,2.413,0.260,0.325,1,0.8,0.185,2,4.7,1.272,1,3.7,0.956,0,0.0,0.000,1,2.83
176,10,A,A,Spatial,8,Pool,9/2/2023,10:04,11.2,3.041,0.270,0.196,0,0.0,0.000,0,0.0,0.000,2,9.6,2.794,2,1.7,0.247,1,3.09
177,11,A,A,Spatial,7,Pool,9/2/2023,10:04,14.4,3.694,0.257,0.248,0,0.0,0.000,0,0.0,0.000,3,3.6,0.974,3,10.8,2.719,1,5.48
178,11,A,A,Spatial,8,Pool,9/2/2023,10:05,7.6,2.593,0.343,0.502,1,3.0,1.074,1,0.3,0.090,1,4.3,1.429,0,0.0,0.000,1,1.58
179,12,A,A,Spatial,7,Pool,9/2/2023,10:05,34.1,9.311,0.273,0.097,2,4.0,1.271,5,23.2,5.801,3,6.8,2.238,0,0.0,0.000,1,22.61
180,12,A,A,Spatial,8,Pool,9/2/2023,10:06,12.3,3.811,0.310,0.186,1,1.2,0.533,2,4.9,1.425,2,4.9,1.621,1,1.2,0.232,1,6.28
181,13,A,A,Spatial,7,Pool,9/2/2023,10:07,11.9,4.534,0.380,0.253,1,0.3,0.092,1,0.4,0.161,3,5.5,2.156,3,5.8,2.125,1,2.71
182,13,A,A,Spatial,8,Pool,9/2/2023,10:07,7.9,2.867,0.363,0.398,1,3.9,1.498,1,0.3,0.119,1,3.7,1.250,0,0.0,0.000,1,2.52
183,14,A,A,Spatial,7,Pool,9/2/2023,10:07,38.9,11.396,0.293,0.097,4,13.2,3.863,4,9.2,2.880,3,10.1,2.625,2,6.4,2.028,1,21.38
184,14,A,A,Spatial,8,Pool,9/2/2023,10:08,10.9,2.741,0.251,0.270,1,0.7,0.169,1,0.7,0.189,3,4.7,1.062,3,4.9,1.320,1,2.98
185,15,A,A,Spatial,7,Pool,9/2/2023,10:09,60.0,19.793,0.330,0.027,6,16.3,5.595,8,27.1,8.548,5,12.1,3.950,3,4.5,1.700,0,41.09
186,15,A,A,Spatial,8,Pool,9/2/2023,10:11,40.9,13.797,0.337,0.083,4,12.0,3.757,5,9.9,3.288,5,13.4,4.610,3,5.6,2.141,1,22.32
187,16,A,A,Spatial,7,Pool,9/2/2023,10:13,12.6,3.036,0.240,0.296,0,0.0,0.000,0,0.0,0.000,1,8.1,1.942,1,4.5,1.094,1,2.32
188,16,A,A,Spatial,8,Pool,9/2/2023,10:14,13.7,4.037,0.295,0.163,1,1.5,0.454,2,6.2,1.766,2,4.5,1.206,1,1.5,0.611,1,5.32
189,17,A,A,Spatial,7,Pool,9/2/2023,10:14,49.0,15.472,0.316,0.060,6,19.3,5.922,6,17.4,5.593,3,5.5,1.788,3,6.8,2.169,1,35.45
190,17,A,A,Spatial,8,Pool,9/2/2023,10:16,7.1,2.192,0.310,0.312,1,2.4,0.856,1,3.6,0.974,1,0.9,0.295,1,0.2,0.067,1,4.29
191,18,A,A,Spatial,7,Pool,9/2/2023,10:16,4.7,1.400,0.300,0.775,1,1.5,0.666,2,2.1,0.413,1,1.0,0.321,0,0.0,0.000,1,1.46
192,18,A,A,Spatial,8,Pool,9/2/2023,10:16,5.0,1.563,0.314,0.532,0,0.0,0.000,0,0.0,0.000,1,3.3,0.980,1,1.6,0.583,1,0.55
193,19,A,A,Spatial,7,Pool,9/2/2023,10:17,9.0,1.212,0.135,0.458,0,0.0,0.000,0,0.0,0.000,1,2.0,0.564,1,7.0,0.647,1,2.61
194,19,A,A,Spatial,8,Pool,9/2/2023,10:17,5.1,1.492,0.295,0.678,0,0.0,0.000,1,1.7,0.552,1,3.3,0.940,0,0.0,0.000,1,0.59
195,20,A,A,Spatial,7,Pool,9/2/2023,10:17,9.6,2.963,0.310,0.329,0,0.0,0.000,0,0.0,0.000,2,4.4,1.292,2,5.2,1.671,1,2.45
196,20,A,A,Spatial,8,Pool,9/2/2023,10:18,8.7,2.462,0.282,0.190,1,0.4,0.083,2,3.2,1.009,2,5.1,1.370,0,0.0,0.000,1,2.56
197,21,A,A,Spatial,7,Pool,9/2/2023,10:18,54.3,16.319,0.301,0.079,4,11.6,3.884,3,8.8,2.967,4,15.7,3.817,4,18.1,5.652,1,28.75
198,21,A,A,Spatial,8,Pool,9/2/2023,10:20,16.9,3.778,0.223,0.300,0,0.0,0.000,0,0.0,0.000,1,9.7,2.157,1,7.2,1.621,1,4.20
199,22,A,A,Spatial,7,Pool,9/2/2023,10:20,60.0,17.616,0.294,0.034,7,20.1,5.981,4,16.7,4.888,2,6.8,1.803,5,16.4,4.944,0,41.46
200,22,A,A,Spatial,8,Pool,9/2/2023,10:22,16.0,4.676,0.292,0.227,0,0.0,0.000,1,5.2,1.558,2,7.0,2.029,1,3.8,1.089,1,6.37
201,23,A,A,Spatial,7,Pool,9/2/2023,10:23,4.6,1.167,0.256,0.665,0,0.0,0.000,0,0.0,0.000,1,0.7,0.211,1,3.9,0.956,1,0.69
202,23,A,A,Spatial,8,Pool,9/2/2023,10:23,7.8,2.387,0.306,0.366,1,3.0,0.779,1,2.9,1.089,1,1.9,0.519,0,0.0,0.000,1,4.20
203,24,A,A,Spatial,7,Pool,9/2/2023,10:23,60.0,15.222,0.254,0.048,6,33.1,8.492,5,20.4,4.332,1,3.8,1.297,2,2.7,1.101,0,49.90
204,24,A,A,Spatial,8,Pool,9/2/2023,10:25,3.9,0.976,0.253,0.778,0,0.0,0.000,0,0.0,0.000,1,0.7,0.204,1,3.1,0.772,1,0.65
205,25,A,A,Spatial,7,Pool,9/2/2023,10:26,11.2,3.765,0.337,0.301,0,0.0,0.000,0,0.0,0.000,2,7.2,2.273,2,3.9,1.492,1,2.78
206,25,A,A,Spatial,8,Pool,9/2/2023,10:26,7.5,2.517,0.334,0.439,1,0.7,0.199,1,3.0,0.969,2,1.6,0.574,2,2.3,0.775,1,2.28
207,26,A,A,Spatial,7,Pool,9/2/2023,10:27,11.3,3.895,0.346,0.310,1,2.3,0.639,1,2.9,1.267,2,1.9,0.783,1,4.1,1.205,1,5.62
208,26,A,A,Spatial,8,Pool,9/2/2023,10:28,27.2,8.666,0.318,0.105,2,3.5,1.029,3,7.3,2.613,3,7.4,2.424,3,9.0,2.600,1,14.00
209,1,A,A,Spatial,9,Pool,9/2/2023,10:31,6.7,2.064,0.310,0.518,0,0.0,0.000,0,0.0,0.000,1,2.3,0.659,1,4.4,1.405,1,1.89
210,1,A,A,Spatial,10,Pool,9/2/2023,10:31,6.7,1.916,0.288,0.334,0,0.0,0.000,0,0.0,0.000,2,4.5,1.423,1,2.1,0.493,1,1.31
211,2,A,A,Spatial,9,Pool,9/2/2023,10:32,6.2,1.962,0.318,0.548,1,2.4,0.898,1,2.2,0.569,1,1.1,0.285,1,0.5,0.209,1,2.96
212,2,A,A,Spatial,10,Pool,9/2/2023,10:32,17.2,6.051,0.352,0.126,2,5.2,1.874,2,5.4,2.069,2,5.0,1.570,2,1.5,0.538,1,9.89
213,3,A,A,Spatial,9,Pool,9/2/2023,10:32,22.2,7.064,0.319,0.159,4,9.9,2.950,2,5.1,1.854,1,1.7,0.492,2,5.5,1.768,1,12.66
214,3,A,A,Spatial,10,Pool,9/2/2023,10:33,2.8,0.894,0.321,0.844,0,0.0,0.000,0,0.0,0.000,1,1.3,0.371,1,1.5,0.524,1,0.14
215,4,A,A,Spatial,9,Pool,9/2/2023,10:34,5.2,1.301,0.252,0.693,0,0.0,0.000,0,0.0,0.000,2,2.0,0.434,2,3.1,0.867,1,0.38
216,4,A,A,Spatial,10,Pool,9/2/2023,10:34,8.8,2.705,0.308,0.343,0,0.0,0.000,1,2.0,0.599,1,6.8,2.106,0,0.0,0.000,1,2.28
217,5,A,A,Spatial,9,Pool,9/2/2023,10:35,2.2,0.785,0.360,0.906,0,0.0,0.000,0,0.0,0.000,1,0.8,0.289,1,1.4,0.497,1,0.16
218,5,A,A,Spatial,10,Pool,9/2/2023,10:35,3.3,1.163,0.351,0.587,0,0.0,0.000,1,2.2,0.796,1,1.1,0.368,0,0.0,0.000,1,0.74
219,6,A,A,Spatial,9,Pool,9/2/2023,10:35,11.5,4.132,0.358,0.240,2,5.7,2.155,2,1.9,0.580,2,2.5,0.810,2,1.5,0.587,1,5.06
220,6,A,A,Spatial,10,Pool,9/2/2023,10:36,4.1,1.325,0.324,0.762,0,0.0,0.000,0,0.0,0.000,1,1.3,0.408,1,2.8,0.917,1,0.83
221,7,A,A,Spatial,9,Pool,9/2/2023,10:36,2.3,0.871,0.378,0.929,0,0.0,0.000,1,1.6,0.627,1,0.7,0.244,0,0.0,0.000,1,0.15
222,7,A,A,Spatial,10,Pool,9/2/2023,10:36,2.2,0.812,0.366,0.955,0,0.0,0.000,0,0.0,0.000,1,0.5,0.199,1,1.7,0.613,1,0.15
223,8,A,A,Spatial,9,Pool,9/2/2023,10:37,2.9,0.951,0.333,0.996,1,1.1,0.297,0,0.0,0.000,1,0.8,0.274,1,0.9,0.381,1,0.14
224,8,A,A,Spatial,10,Pool,9/2/2023,10:37,7.1,2.281,0.320,0.443,1,4.6,1.453,1,0.7,0.271,1,1.9,0.557,0,0.0,0.000,1,3.20
225,9,A,A,Spatial,9,Pool,9/2/2023,10:39,7.6,2.670,0.354,0.352,1,0.2,0.090,2,1.7,0.642,1,5.7,1.938,0,0.0,0.000,1,1.26
226,9,A,A,Spatial,10,Pool,9/2/2023,10:40,27.9,9.386,0.337,0.051,1,0.7,0.153,1,1.1,0.360,6,12.4,4.492,4,13.7,4.381,1,10.24
227,10,A,A,Spatial,9,Pool,9/2/2023,10:40,7.2,1.590,0.221,0.621,1,0.9,0.160,0,0.0,0.000,1,1.2,0.273,1,5.0,1.157,1,1.23
228,10,A,A,Spatial,10,Pool,9/2/2023,10:41,8.1,1.901,0.233,0.551,1,0.8,0.122,2,5.2,1.287,2,2.0,0.458,1,0.2,0.034,1,1.93
229,11,A,A,Spatial,9,Pool,9/2/2023,10:41,4.7,1.279,0.272,0.821,1,3.2,0.902,0,0.0,0.000,1,1.3,0.326,1,0.2,0.051,1,0.86
230,11,A,A,Spatial,10,Pool,9/2/2023,10:42,12.5,3.811,0.306,0.221,0,0.0,0.000,0,0.0,0.000,2,4.9,1.420,2,7.5,2.391,1,4.02
231,12,A,A,Spatial,9,Pool,9/2/2023,10:43,4.1,1.206,0.295,0.834,0,0.0,0.000,1,3.0,0.884,1,1.1,0.322,0,0.0,0.000,1,0.90
232,12,A,A,Spatial,10,Pool,9/2/2023,10:43,2.3,0.759,0.328,0.938,0,0.0,0.000,0,0.0,0.000,1,0.8,0.222,1,1.5,0.537,1,0.09
233,13,A,A,Spatial,9,Pool,9/2/2023,10:44,5.5,1.868,0.340,0.515,0,0.0,0.000,1,4.8,1.639,1,0.7,0.230,0,0.0,0.000,1,1.75
234,13,A,A,Spatial,10,Pool,9/2/2023,10:45,3.6,1.394,0.383,0.893,1,1.6,0.693,0,0.0,0.000,1,0.8,0.229,1,1.2,0.472,1,0.29
235,14,A,A,Spatial,9,Pool,9/2/2023,10:46,8.9,2.469,0.279,0.412,1,0.5,0.109,0,0.0,0.000,2,4.7,1.266,3,3.7,1.094,1,1.35
236,14,A,A,Spatial,10,Pool,9/2/2023,10:46,0.5,0.035,0.073,1.000,0,0.0,0.000,0,0.0,0.000,1,0.5,0.035,0,0.0,0.000,1,0.01
237,15,A,A,Spatial,9,Pool,9/2/2023,10:47,10.5,3.603,0.345,0.314,0,0.0,0.000,1,2.7,0.890,2,4.7,1.652,1,3.1,1.061,1,4.04
238,15,A,A,Spatial,10,Pool,9/2/2023,10:48,3.5,1.119,0.323,0.669,0,0.0,0.000,1,2.5,0.815,1,0.9,0.304,0,0.0,0.000,1,0.85
239,16,A,A,Spatial,9,Pool,9/2/2023,10:51,60.0,15.352,0.256,0.106,5,47.7,11.774,4,9.3,2.546,1,0.4,0.073,1,2.5,0.959,0,55.80
240,16,A,A,Spatial,10,Pool,9/2/2023,10:53,41.6,10.406,0.250,0.074,2,5.2,1.577,4,13.7,3.193,4,16.4,3.981,2,6.2,1.655,1,20.17
241,17,A,A,Spatial,9,Pool,9/2/2023,10:55,3.8,0.905,0.241,0.842,0,0.0,0.000,0,0.0,0.000,1,0.9,0.253,1,2.8,0.652,1,0.58
242,17,A,A,Spatial,10,Pool,9/2/2023,10:55,7.5,2.726,0.365,0.291,1,1.7,0.673,1,2.7,0.953,1,1.1,0.294,1,2.0,0.806,1,3.84
243,18,A,A,Spatial,9,Pool,9/2/2023,10:57,5.0,1.501,0.300,0.757,1,1.3,0.392,0,0.0,0.000,1,2.3,0.521,1,1.5,0.588,1,0.29
244,18,A,A,Spatial,10,Pool,9/2/2023,10:57,6.8,2.013,0.298,0.421,0,0.0,0.000,0,0.0,0.000,2,4.4,1.093,2,2.3,0.920,1,0.56
245,19,A,A,Spatial,9,Pool,9/2/2023,10:58,6.4,1.617,0.252,0.427,0,0.0,0.000,0,0.0,0.000,1,4.7,1.190,1,1.7,0.426,1,1.46
246,19,A,A,Spatial,10,Pool,9/2/2023,10:58,2.5,0.680,0.273,0.913,0,0.0,0.000,1,0.6,0.060,1,1.9,0.619,0,0.0,0.000,1,0.21
247,20,A,A,Spatial,9,Pool,9/2/2023,10:59,4.7,1.228,0.263,0.763,0,0.0,0.000,0,0.0,0.000,1,1.6,0.282,1,3.1,0.946,1,0.45
248,20,A,A,Spatial,10,Pool,9/2/2023,11:00,4.7,1.076,0.231,0.357,0,0.0,0.000,1,1.7,0.370,2,2.9,0.706,0,0.0,0.000,1,1.04
249,21,A,A,Spatial,9,Pool,9/2/2023,11:00,11.7,4.225,0.360,0.219,0,0.0,0.000,1,1.6,0.542,2,4.5,1.803,1,5.6,1.880,1,5.23
250,21,A,A,Spatial,10,Pool,9/2/2023,11:01,8.0,2.182,0.272,0.564,1,2.8,0.851,0,0.0,0.000,2,4.7,1.192,2,0.6,0.139,1,1.03
251,22,A,A,Spatial,9,Pool,9/2/2023,11:03,22.2,7.009,0.315,0.171,0,0.0,0.000,2,4.7,1.675,4,15.1,4.787,2,2.4,0.547,1,6.71
252,22,A,A,Spatial,10,Pool,9/2/2023,11:03,7.9,2.572,0.324,0.403,1,3.2,1.122,1,1.9,0.740,1,0.9,0.265,1,1.9,0.444,1,4.94
253,23,A,A,Spatial,9,Pool,9/2/2023,11:04,3.7,1.262,0.338,0.897,0,0.0,0.000,0,0.0,0.000,1,0.9,0.268,1,2.8,0.995,1,0.45
254,23,A,A,Spatial,10,Pool,9/2/2023,11:05,7.4,2.442,0.329,0.413,1,2.1,0.765,1,1.7,0.591,1,0.7,0.207,1,2.9,0.880,1,3.32
255,24,A,A,Spatial,9,Pool,9/2/2023,11:07,8.6,2.438,0.283,0.457,0,0.0,0.000,0,0.0,0.000,1,4.1,1.194,1,4.5,1.244,1,2.49
256,24,A,A,Spatial,10,Pool,9/2/2023,11:07,1.9,0.497,0.259,0.973,0,0.0,0.000,0,0.0,0.000,1,1.9,0.497,0,0.0,0.000,1,0.03
257,25,A,A,Spatial,9,Pool,9/2/2023,11:08,9.7,3.521,0.364,0.331,2,2.6,0.830,2,2.7,1.036,2,1.3,0.490,1,3.1,1.165,1,4.12
258,25,A,A,Spatial,10,Pool,9/2/2023,11:08,10.6,3.601,0.338,0.210,0,0.0,0.000,0,0.0,0.000,2,8.5,2.848,2,2.1,0.753,1,2.37
259,26,A,A,Spatial,9,Pool,9/2/2023,11:10,4.2,1.406,0.337,0.730,0,0.0,0.000,1,1.8,0.576,1,2.4,0.830,0,0.0,0.000,1,0.52
260,26,A,A,Spatial,10,Pool,9/2/2023,11:10,13.3,4.762,0.359,0.215,2,2.7,1.015,2,2.5,0.949,2,5.2,1.872,2,2.8,0.926,1,5.01
261,1,A,A,Spatial,11,Pool,9/2/2023,11:13,55.3,18.969,0.343,0.064,3,6.3,2.398,3,4.4,1.466,7,28.4,9.141,7,16.2,5.964,1,23.64
262,1,A,A,Spatial,12,Pool,9/2/2023,11:15,4.3,1.173,0.275,0.848,1,2.7,0.745,0,0.0,0.000,1,1.2,0.333,1,0.4,0.095,1,0.50
263,2,A,A,Spatial,11,Pool,9/2/2023,11:15,60.0,22.015,0.367,0.067,5,16.5,5.433,4,8.8,3.354,5,18.2,6.819,5,16.5,6.409,0,39.75
264,2,A,A,Spatial,12,Pool,9/2/2023,11:17,13.4,4.294,0.321,0.173,2,7.7,2.476,0,0.0,0.000,1,1.1,0.286,3,4.6,1.532,1,8.61
265,3,A,A,Spatial,11,Pool,9/2/2023,11:17,2.9,0.942,0.323,0.927,0,0.0,0.000,1,1.7,0.540,1,1.2,0.402,0,0.0,0.000,1,0.16
266,3,A,A,Spatial,12,Pool,9/2/2023,11:17,2.6,0.896,0.347,0.711,0,0.0,0.000,0,0.0,0.000,1,1.8,0.702,1,0.7,0.193,1,0.38
267,4,A,A,Spatial,11,Pool,9/2/2023,11:18,5.2,1.458,0.280,0.692,0,0.0,0.000,1,3.9,1.115,1,1.3,0.342,0,0.0,0.000,1,1.31
268,4,A,A,Spatial,12,Pool,9/2/2023,11:19,3.5,1.216,0.352,0.774,0,0.0,0.000,0,0.0,0.000,1,1.6,0.534,1,1.8,0.682,1,0.46
269,5,A,A,Spatial,11,Pool,9/2/2023,11:19,11.4,4.376,0.385,0.287,1,3.0,1.012,1,0.7,0.317,2,5.3,2.114,1,2.4,0.934,1,4.09
270,5,A,A,Spatial,12,Pool,9/2/2023,11:19,4.2,1.610,0.383,0.693,1,2.0,0.839,0,0.0,0.000,1,0.9,0.266,1,1.2,0.505,1,0.92
271,6,A,A,Spatial,11,Pool,9/2/2023,11:20,16.5,4.949,0.299,0.200,1,1.2,0.349,1,1.5,0.505,2,10.6,3.022,2,3.2,1.073,1,4.73
272,6,A,A,Spatial,12,Pool,9/2/2023,11:21,6.8,2.098,0.311,0.300,0,0.0,0.000,1,1.7,0.477,1,5.1,1.621,0,0.0,0.000,1,1.03
273,7,A,A,Spatial,11,Pool,9/2/2023,11:22,5.2,1.497,0.286,0.720,1,1.0,0.251,1,1.2,0.481,1,3.0,0.765,0,0.0,0.000,1,0.27
274,7,A,A,Spatial,12,Pool,9/2/2023,11:22,8.3,2.833,0.342,0.329,0,0.0,0.000,0,0.0,0.000,1,6.0,1.944,1,2.3,0.888,1,1.29
275,8,A,A,Spatial,11,Pool,9/2/2023,11:22,29.8,8.732,0.293,0.025,1,1.1,0.235,1,4.5,1.478,4,13.7,4.196,3,10.5,2.823,1,12.17
276,8,A,A,Spatial,12,Pool,9/2/2023,11:23,7.8,2.445,0.312,0.171,1,1.7,0.549,1,0.3,0.103,2,3.8,1.232,1,2.0,0.562,1,2.67
277,9,A,A,Spatial,11,Pool,9/2/2023,11:26,3.7,1.365,0.372,0.788,1,0.8,0.271,0,0.0,0.000,1,1.2,0.297,1,1.6,0.797,1,0.31
278,9,A,A,Spatial,12,Pool,9/2/2023,11:26,15.0,4.900,0.327,0.143,1,0.2,0.052,1,0.5,0.222,2,9.5,3.087,2,4.7,1.539,1,3.73
279,10,A,A,Spatial,11,Pool,9/2/2023,11:26,10.3,2.422,0.236,0.444,1,0.9,0.186,0,0.0,0.000,2,2.7,0.561,2,6.7,1.675,1,2.08
280,10,A,A,Spatial,12,Pool,9/2/2023,11:27,2.9,0.728,0.249,0.762,0,0.0,0.000,0,0.0,0.000,1,2.9,0.728,0,0.0,0.000,1,0.06
281,11,A,A,Spatial,11,Pool,9/2/2023,11:27,2.9,0.756,0.259,0.884,0,0.0,0.000,0,0.0,0.000,1,1.1,0.232,1,1.8,0.524,1,0.08
282,11,A,A,Spatial,12,Pool,9/2/2023,11:27,4.2,1.141,0.269,0.686,0,0.0,0.000,1,1.8,0.552,1,2.4,0.589,0,0.0,0.000,1,0.38
283,12,A,A,Spatial,11,Pool,9/2/2023,11:29,8.2,3.091,0.376,0.351,0,0.0,0.000,1,2.2,0.874,2,5.4,2.016,1,0.5,0.201,1,1.61
284,12,A,A,Spatial,12,Pool,9/2/2023,11:29,5.8,1.939,0.335,0.367,0,0.0,0.000,1,1.9,0.631,1,3.9,1.308,0,0.0,0.000,1,1.11
285,13,A,A,Spatial,11,Pool,9/2/2023,11:30,3.0,1.221,0.410,0.906,1,1.0,0.341,0,0.0,0.000,1,0.5,0.188,1,1.5,0.692,1,0.26
286,13,A,A,Spatial,12,Pool,9/2/2023,11:30,7.8,3.086,0.394,0.277,1,1.3,0.638,1,1.9,0.765,1,4.5,1.682,0,0.0,0.000,1,2.78
287,14,A,A,Spatial,11,Pool,9/2/2023,11:31,4.7,1.330,0.286,0.877,1,2.4,0.736,0,0.0,0.000,1,1.5,0.321,1,0.8,0.273,1,0.41
288,14,A,A,Spatial,12,Pool,9/2/2023,11:31,2.3,0.559,0.247,0.869,0,0.0,0.000,0,0.0,0.000,1,2.2,0.559,0,0.0,0.000,1,0.21
289,15,A,A,Spatial,11,Pool,9/2/2023,11:32,9.9,3.860,0.390,0.310,0,0.0,0.000,1,2.4,0.878,2,4.3,1.687,1,3.2,1.295,1,3.94
290,15,A,A,Spatial,12,Pool,9/2/2023,11:32,3.9,1.250,0.321,0.564,0,0.0,0.000,1,3.1,0.989,1,0.8,0.261,0,0.0,0.000,1,1.30
291,16,A,A,Spatial,11,Pool,9/2/2023,11:35,22.1,5.006,0.227,0.184,0,0.0,0.000,1,2.1,0.645,2,18.0,3.806,1,1.9,0.555,1,5.75
292,16,A,A,Spatial,12,Pool,9/2/2023,11:36,9.6,2.501,0.261,0.397,1,0.8,0.333,1,1.4,0.417,1,7.2,1.682,1,0.2,0.069,1,1.34
293,17,A,A,Spatial,11,Pool,9/2/2023,11:37,4.1,1.574,0.383,0.690,0,0.0,0.000,0,0.0,0.000,1,1.6,0.495,1,2.5,1.079,1,0.83
294,17,A,A,Spatial,12,Pool,9/2/2023,11:37,2.2,0.632,0.293,0.938,0,0.0,0.000,0,0.0,0.000,1,2.1,0.632,0,0.0,0.000,1,0.08
295,18,A,A,Spatial,11,Pool,9/2/2023,11:38,3.2,1.274,0.400,0.895,1,1.8,0.770,0,0.0,0.000,1,0.7,0.204,1,0.7,0.300,1,0.33
296,18,A,A,Spatial,12,Pool,9/2/2023,11:38,4.7,1.550,0.328,0.693,0,0.0,0.000,0,0.0,0.000,1,1.7,0.527,1,3.0,1.023,1,1.09
297,19,A,A,Spatial,11,Pool,9/2/2023,11:39,3.3,1.013,0.310,0.943,0,0.0,0.000,0,0.0,0.000,1,0.9,0.246,1,2.3,0.767,1,0.10
298,19,A,A,Spatial,12,Pool,9/2/2023,11:39,3.2,0.811,0.252,0.728,0,0.0,0.000,0,0.0,0.000,1,3.2,0.811,0,0.0,0.000,1,0.10
299,20,A,A,Spatial,11,Pool,9/2/2023,11:40,5.2,1.380,0.268,0.744,1,2.0,0.531,0,0.0,0.000,1,1.1,0.287,1,2.1,0.562,1,0.66
300,20,A,A,Spatial,12,Pool,9/2/2023,11:40,8.5,2.006,0.237,0.420,1,1.6,0.326,1,0.8,0.247,2,1.4,0.338,2,4.7,1.095,1,2.35
301,21,A,A,Spatial,11,Pool,9/2/2023,11:41,3.8,1.279,0.333,0.816,0,0.0,0.000,0,0.0,0.000,1,1.5,0.328,1,2.4,0.951,1,0.11
302,21,A,A,Spatial,12,Pool,9/2/2023,11:41,4.7,1.256,0.267,0.572,0,0.0,0.000,1,1.1,0.051,1,3.6,1.205,0,0.0,0.000,1,0.86
303,22,A,A,Spatial,11,Pool,9/2/2023,11:42,23.9,7.311,0.306,0.130,1,4.9,1.458,3,8.2,2.598,3,8.4,2.643,1,2.3,0.612,1,12.73
304,22,A,A,Spatial,12,Pool,9/2/2023,11:43,8.8,3.072,0.350,0.195,1,0.5,0.203,1,3.2,1.097,1,2.0,0.650,1,3.1,1.122,1,3.50
305,23,A,A,Spatial,11,Pool,9/2/2023,11:43,9.1,3.067,0.338,0.263,1,2.4,0.876,1,2.1,0.738,1,1.1,0.334,1,3.5,1.118,1,5.14
306,23,A,A,Spatial,12,Pool,9/2/2023,11:44,2.9,0.833,0.291,0.803,0,0.0,0.000,0,0.0,0.000,1,0.7,0.184,1,2.2,0.649,1,0.42
307,24,A,A,Spatial,11,Pool,9/2/2023,11:44,60.0,17.354,0.289,0.026,6,23.2,6.871,5,19.0,5.354,3,5.6,1.803,3,12.3,3.325,0,43.67
308,24,A,A,Spatial,12,Pool,9/2/2023,11:46,3.8,1.277,0.338,0.686,0,0.0,0.000,0,0.0,0.000,1,1.9,0.579,1,1.9,0.698,1,0.60
309,25,A,A,Spatial,11,Pool,9/2/2023,11:47,7.4,2.575,0.349,0.411,0,0.0,0.000,0,0.0,0.000,1,5.1,1.641,1,2.3,0.934,1,1.56
310,25,A,A,Spatial,12,Pool,9/2/2023,11:47,5.0,1.547,0.311,0.315,0,0.0,0.000,0,0.0,0.000,1,5.0,1.547,0,0.0,0.000,1,1.04
311,26,A,A,Spatial,11,Pool,9/2/2023,11:47,6.3,2.141,0.339,0.519,1,3.8,1.237,1,1.5,0.652,1,1.1,0.253,0,0.0,0.000,1,3.36
312,26,A,A,Spatial,12,Pool,9/2/2023,11:48,11.3,3.575,0.317,0.247,0,0.0,0.000,0,0.0,0.000,2,8.0,2.461,2,3.2,1.114,1,2.71
313,1,A,A,Probe,1,Pool,9/2/2023,12:06,60.0,17.891,0.298,0.061,3,5.6,1.636,4,9.1,2.832,7,31.3,8.920,4,13.0,4.155,2,25.55
314,2,A,A,Probe,1,Pool,9/2/2023,12:07,60.0,20.199,0.337,0.056,4,14.1,4.309,6,16.4,5.248,6,19.5,6.884,4,10.0,3.758,0,37.15
315,3,A,A,Probe,1,Pool,9/2/2023,12:09,60.0,17.980,0.300,0.053,0,0.0,0.000,3,6.4,2.011,13,44.5,13.321,3,5.6,1.586,7,14.87
316,4,A,A,Probe,1,Pool,9/2/2023,12:10,60.0,15.320,0.255,0.083,1,3.5,1.004,3,19.5,4.354,4,31.6,7.844,2,5.5,2.119,0,26.45
317,5,A,A,Probe,1,Pool,9/2/2023,12:12,60.0,17.245,0.287,0.042,1,2.5,0.973,3,10.5,3.340,12,33.2,9.062,6,11.5,3.215,6,17.12
318,6,A,A,Probe,1,Pool,9/2/2023,12:13,60.0,16.700,0.278,0.075,1,5.3,1.765,3,6.3,2.126,10,42.2,11.229,2,3.1,0.753,5,16.18
319,7,A,A,Probe,1,Pool,9/2/2023,12:15,60.0,19.059,0.318,0.018,1,5.3,1.660,5,12.4,3.142,16,28.9,10.060,5,10.8,3.179,8,23.40
320,8,A,A,Probe,1,Pool,9/2/2023,12:16,60.0,19.192,0.320,0.011,2,3.1,1.067,3,6.4,2.044,9,31.9,9.854,5,17.0,5.665,4,23.75
321,9,A,A,Probe,1,Pool,9/2/2023,12:17,60.0,21.249,0.354,0.024,3,5.5,2.272,5,10.3,3.638,14,29.7,10.361,6,11.5,3.860,7,22.19
322,10,A,A,Probe,1,Pool,9/2/2023,12:19,60.0,16.292,0.272,0.012,1,1.5,0.417,5,9.9,2.581,10,41.6,11.431,2,4.4,1.093,5,17.76
323,11,A,A,Probe,1,Pool,9/2/2023,12:20,60.0,18.411,0.307,0.019,3,6.1,2.165,5,17.1,5.326,10,27.3,7.624,5,8.2,2.884,4,25.82
324,12,A,A,Probe,1,Pool,9/2/2023,12:21,60.0,18.260,0.304,0.043,3,5.3,1.272,9,24.8,8.022,12,26.8,8.004,1,1.2,0.351,5,27.57
325,13,A,A,Probe,1,Pool,9/2/2023,12:23,60.0,21.161,0.353,0.005,3,5.9,2.315,6,14.6,5.945,8,29.6,9.422,4,8.9,3.191,2,27.64
326,14,A,A,Probe,1,Pool,9/2/2023,12:24,60.0,15.664,0.261,0.033,2,5.8,1.709,7,10.9,2.852,9,35.9,9.109,3,6.0,1.669,2,17.88
327,15,A,A,Probe,1,Pool,9/2/2023,12:26,60.0,21.311,0.355,0.052,4,8.0,2.872,8,14.8,4.943,10,30.5,10.979,4,6.1,2.299,2,26.63
328,16,A,A,Probe,1,Pool,9/2/2023,12:27,60.0,15.719,0.262,0.102,0,0.0,0.000,3,9.7,2.841,9,42.4,10.637,3,6.1,1.595,4,16.93
329,17,A,A,Probe,1,Pool,9/2/2023,12:28,60.0,21.701,0.362,0.054,5,9.0,3.458,5,13.2,4.624,10,24.5,8.478,6,11.3,4.483,4,30.77
330,18,A,A,Probe,1,Pool,9/2/2023,12:30,60.0,18.067,0.301,0.048,3,2.8,0.753,5,8.7,2.848,9,33.3,9.763,6,14.2,4.537,1,20.82
331,19,A,A,Probe,1,Pool,9/2/2023,12:31,60.0,17.263,0.288,0.057,1,2.5,0.881,3,16.1,4.994,11,34.2,9.275,2,4.3,1.229,6,21.93
332,20,A,A,Probe,1,Pool,9/2/2023,12:33,60.0,15.746,0.262,0.098,3,6.0,1.603,6,10.3,2.604,10,37.6,9.618,3,3.8,1.232,5,17.76
333,21,A,A,Probe,1,Pool,9/2/2023,12:34,60.0,15.859,0.264,0.079,2,3.6,0.864,3,2.5,0.790,12,40.5,10.395,5,10.7,2.997,6,15.87
334,22,A,A,Probe,1,Pool,9/2/2023,12:36,60.0,19.201,0.320,0.058,3,4.0,1.388,5,6.9,2.296,10,34.9,10.639,4,12.5,4.291,4,21.46
335,23,A,A,Probe,1,Pool,9/2/2023,12:37,60.0,18.558,0.309,0.080,4,8.5,2.719,5,11.5,3.462,10,20.5,6.374,6,16.7,5.289,4,25.62
336,24,A,A,Probe,1,Pool,9/2/2023,12:38,60.0,18.678,0.311,0.069,4,16.0,4.568,8,19.5,6.446,7,18.1,5.389,3,6.0,2.094,1,35.94
337,25,A,A,Probe,1,Pool,9/2/2023,12:40,60.0,20.282,0.338,0.051,3,5.8,2.126,6,16.0,5.613,10,24.5,7.601,4,12.4,4.474,3,26.38
338,26,A,A,Probe,1,Pool,9/2/2023,12:41,60.0,19.157,0.319,0.028,2,3.4,1.405,6,9.0,3.049,14,36.5,11.464,5,9.3,2.586,5,21.89
