Test,Animal,Treatment,Code,Stage,Trial,Apparatus,Duration (s),Distance (m),Mean speed (m/s),Path efficiency,Q1 : time (s),Q1 : distance (m),Q2 : time (s),Q2 : distance (m),Q3 : time (s),Q3 : distance (m),Q4 : time (s),Q4 : distance (m),Platform : entries,Platform : CIPL (m·s)
1,1,NSF,A,Spatial,1,Pool,32.5,8.358,0.257,0.144,17.7,5.008,4.1,1.202,0.0,0.000,10.6,2.149,1,14.02
2,1,NSF,A,Spatial,2,Pool,15.9,4.639,0.293,0.251,1.3,0.332,8.0,2.164,1.7,0.738,4.8,1.405,1,9.87
3,2,NSF,A,Spatial,1,Pool,60.0,16.260,0.271,0.035,30.9,7.773,5.5,1.941,3.7,1.302,20.0,5.245,0,
4,2,NSF,A,Spatial,2,Pool,23.8,6.331,0.266,0.166,9.1,1.728,12.2,4.113,2.6,0.491,0.0,0.000,1,12.15
5,3,NSF,A,Spatial,1,Pool,60.0,17.824,0.297,0.027,18.7,5.425,7.6,2.938,8.0,2.583,25.7,6.878,0,
6,3,NSF,A,Spatial,2,Pool,55.1,16.025,0.291,0.057,25.2,5.738,7.1,2.221,11.9,4.402,10.9,3.665,1,32.83
7,4,NSF,A,Spatial,1,Pool,60.0,18.350,0.306,0.087,13.8,4.350,16.4,5.102,22.3,5.988,7.5,2.909,0,
8,4,NSF,A,Spatial,2,Pool,60.0,14.883,0.248,0.110,23.9,6.136,9.6,2.785,5.5,0.639,21.0,5.322,0,
9,5,NSF,A,Spatial,1,Pool,60.0,18.992,0.317,0.046,15.7,4.403,24.3,6.948,8.8,2.682,11.2,4.960,0,
10,5,NSF,A,Spatial,2,Pool,60.0,14.187,0.236,0.108,15.8,4.597,29.0,5.770,8.4,1.580,6.8,2.240,0,
11,6,NSF,A,Spatial,1,Pool,2.9,0.668,0.227,0.872,2.3,0.541,0.7,0.127,0.0,0.000,0.0,0.000,1,0.43
12,6,NSF,A,Spatial,2,Pool,60.0,17.573,0.293,0.027,8.4,2.693,8.5,2.868,18.5,5.417,24.5,6.595,0,
13,7,NSF,A,Spatial,1,Pool,60.0,17.245,0.287,0.088,14.8,4.378,19.8,6.288,16.3,4.074,9.1,2.504,0,
14,7,NSF,A,Spatial,2,Pool,19.4,5.801,0.299,0.156,6.5,1.988,2.9,0.955,0.0,0.000,9.9,2.859,1,10.12
15,8,NSF,A,Spatial,1,Pool,60.0,16.994,0.283,0.054,5.1,1.396,29.4,7.706,19.3,5.468,6.3,2.424,0,
16,8,NSF,A,Spatial,2,Pool,60.0,13.050,0.218,0.059,9.9,2.448,15.4,3.305,26.3,5.890,8.5,1.407,0,
17,9,NSF,A,Spatial,1,Pool,3.0,0.590,0.194,0.472,2.5,0.527,0.0,0.000,0.0,0.000,0.5,0.063,1,0.59
18,9,NSF,A,Spatial,2,Pool,60.0,15.647,0.261,0.095,19.2,4.573,17.7,4.546,10.4,2.675,12.7,3.852,0,
19,10,NSF,A,Spatial,1,Pool,19.0,4.933,0.259,0.184,1.9,0.786,4.3,0.819,6.4,1.129,6.4,2.200,1,14.44
20,10,NSF,A,Spatial,2,Pool,21.5,7.272,0.339,0.166,4.5,1.769,4.1,1.341,9.1,2.633,3.7,1.529,1,15.75
21,11,NSF,A,Spatial,1,Pool,60.0,17.762,0.296,0.084,17.5,5.413,13.9,3.962,17.0,4.585,11.6,3.801,0,
22,11,NSF,A,Spatial,2,Pool,25.0,7.056,0.282,0.121,7.7,2.001,4.2,1.277,5.0,1.444,8.1,2.334,1,14.08
23,12,NSF,A,Spatial,1,Pool,60.0,14.132,0.236,0.012,7.5,2.529,31.2,6.285,16.6,3.464,4.7,1.854,0,
24,12,NSF,A,Spatial,2,Pool,60.0,13.189,0.220,0.061,12.9,2.529,14.0,3.522,29.5,5.889,3.6,1.250,0,
25,13,NSF,A,Spatial,1,Pool,55.3,12.898,0.233,0.051,18.9,4.086,1.2,0.463,17.6,3.976,17.6,4.373,1,37.72
26,13,NSF,A,Spatial,2,Pool,60.0,13.890,0.232,0.076,32.7,6.008,13.6,3.730,8.5,2.386,5.2,1.765,0,
27,14,NSF,A,Spatial,1,Pool,60.0,21.116,0.352,0.065,10.5,4.108,14.6,5.341,23.5,6.916,11.4,4.751,0,
28,14,NSF,A,Spatial,2,Pool,60.0,16.001,0.267,0.023,7.6,2.563,10.7,3.420,24.5,5.380,17.2,4.638,0,
29,15,NSF,A,Spatial,1,Pool,60.0,20.525,0.342,0.073,10.0,3.043,7.7,2.618,19.8,7.249,22.5,7.614,0,
30,15,NSF,A,Spatial,2,Pool,60.0,11.998,0.200,0.028,0.0,0.000,0.0,0.000,19.9,3.987,40.1,8.011,0,
31,16,NSF,A,Spatial,1,Pool,55.1,14.862,0.270,0.087,13.7,4.141,10.3,3.719,22.9,3.790,8.3,3.211,1,39.75
32,16,NSF,A,Spatial,2,Pool,57.5,17.787,0.309,0.047,17.1,5.460,4.4,1.533,16.8,3.737,19.2,7.056,1,41.26
33,17,NSF,A,Spatial,1,Pool,22.3,5.229,0.234,0.183,4.9,1.486,2.8,1.011,4.0,1.244,10.6,1.489,1,14.84
34,17,NSF,A,Spatial,2,Pool,60.0,17.546,0.292,0.059,14.4,4.189,21.2,5.572,16.3,5.106,8.1,2.679,0,
35,18,NSF,A,Spatial,1,Pool,60.0,16.642,0.277,0.073,19.9,5.438,11.9,3.602,7.2,2.276,21.1,5.326,0,
36,18,NSF,A,Spatial,2,Pool,60.0,13.042,0.217,0.098,18.1,4.285,20.1,4.740,9.6,1.311,12.3,2.706,0,
37,19,NSF,A,Spatial,1,Pool,33.1,8.710,0.263,0.058,19.9,4.331,6.0,1.606,3.2,1.339,4.0,1.435,1,17.26
38,19,NSF,A,Spatial,2,Pool,47.8,12.649,0.264,0.064,10.9,3.220,3.5,1.280,2.3,0.970,31.1,7.180,1,32.97
39,20,NSF,A,Spatial,1,Pool,19.4,5.984,0.308,0.096,5.4,1.728,2.3,1.123,4.5,1.257,7.2,1.876,1,12.95
40,20,NSF,A,Spatial,2,Pool,60.0,16.197,0.270,0.019,13.2,4.224,18.8,4.841,18.3,4.143,9.8,2.989,0,
41,21,NSF,A,Spatial,1,Pool,60.0,11.688,0.195,0.079,7.3,1.945,0.5,0.206,25.9,4.527,26.3,5.010,0,
42,21,NSF,A,Spatial,2,Pool,27.1,8.851,0.326,0.133,15.3,4.648,6.6,2.172,2.7,1.053,2.5,0.978,1,11.70
43,22,NSF,A,Spatial,1,Pool,60.0,16.134,0.269,0.058,5.3,1.421,5.7,2.095,32.0,7.991,16.9,4.626,0,
44,22,NSF,A,Spatial,2,Pool,6.5,1.950,0.298,0.420,1.1,0.275,0.0,0.000,0.0,0.000,5.5,1.675,1,2.88
45,23,NSF,A,Spatial,1,Pool,60.0,20.790,0.347,0.056,11.7,4.133,18.2,6.022,18.2,6.570,11.8,4.064,0,
46,23,NSF,A,Spatial,2,Pool,60.0,16.158,0.269,0.002,10.4,3.847,6.1,2.041,23.1,4.862,20.4,5.408,0,
47,24,NSF,A,Spatial,1,Pool,5.8,0.642,0.110,0.752,5.8,0.642,0.0,0.000,0.0,0.000,0.0,0.000,1,0.38
48,24,NSF,A,Spatial,2,Pool,60.0,17.650,0.294,0.094,15.2,5.262,10.1,2.548,8.7,2.567,26.0,7.274,0,
49,25,NSF,A,Spatial,1,Pool,60.0,15.048,0.251,0.039,14.1,3.080,4.7,1.734,7.6,2.360,33.6,7.874,0,
50,25,NSF,A,Spatial,2,Pool,20.8,5.101,0.245,0.219,16.4,3.467,2.3,0.856,0.0,0.000,2.1,0.777,1,5.58
51,26,NSF,A,Spatial,1,Pool,60.0,15.308,0.255,0.049,22.3,5.530,8.1,2.669,6.8,1.859,22.8,5.250,0,
52,26,NSF,A,Spatial,2,Pool,60.0,15.881,0.265,0.080,32.5,7.023,7.7,2.531,7.2,2.503,12.5,3.824,0,
53,27,NSF,A,Spatial,1,Pool,13.9,1.851,0.133,0.675,0.5,0.216,0.0,0.000,11.9,0.969,1.5,0.667,1,9.19
54,27,NSF,A,Spatial,2,Pool,12.1,3.647,0.302,0.257,2.3,0.661,0.0,0.000,2.9,1.212,6.9,1.774,1,6.79
55,28,NSF,A,Spatial,1,Pool,60.0,15.308,0.255,0.057,10.7,3.229,8.1,2.710,18.2,4.426,23.0,4.942,0,
56,28,NSF,A,Spatial,2,Pool,60.0,14.281,0.238,0.022,3.5,1.353,10.3,2.490,35.3,7.684,11.0,2.754,0,
57,29,NSF,A,Spatial,1,Pool,60.0,17.759,0.296,0.027,19.7,5.678,21.9,5.321,13.2,4.555,5.2,2.204,0,
58,29,NSF,A,Spatial,2,Pool,16.1,5.434,0.337,0.233,5.2,1.793,1.2,0.196,8.0,2.868,1.7,0.577,1,9.47
59,30,NSF,A,Spatial,1,Pool,32.9,9.530,0.289,0.138,8.1,2.895,5.6,1.846,12.0,2.202,7.2,2.585,1,22.85
60,30,NSF,A,Spatial,2,Pool,7.9,3.361,0.428,0.293,0.9,0.310,2.9,1.268,2.0,1.002,2.0,0.781,1,5.53
61,1,NSF,A,Spatial,3,Pool,37.2,9.130,0.246,0.060,10.1,2.134,23.8,5.898,0.0,0.000,3.2,1.098,1,23.86
62,1,NSF,A,Spatial,4,Pool,60.0,15.908,0.265,0.041,38.5,10.233,1.1,0.359,8.0,1.732,12.4,3.584,0,
63,2,NSF,A,Spatial,3,Pool,22.3,5.721,0.257,0.115,9.1,1.569,9.9,2.950,2.9,1.044,0.4,0.157,1,12.35
64,2,NSF,A,Spatial,4,Pool,13.5,4.787,0.354,0.228,6.0,1.953,0.2,0.075,2.2,0.688,5.2,2.070,1,5.78
65,3,NSF,A,Spatial,3,Pool,60.0,20.126,0.335,0.054,7.6,2.612,17.7,5.857,18.3,6.504,16.4,5.153,0,
66,3,NSF,A,Spatial,4,Pool,60.0,14.227,0.237,0.038,7.5,2.327,12.4,3.928,36.0,6.713,4.1,1.259,0,
67,4,NSF,A,Spatial,3,Pool,60.0,18.041,0.301,0.002,10.3,2.757,15.7,4.760,25.3,7.580,8.7,2.944,0,
68,4,NSF,A,Spatial,4,Pool,60.0,12.132,0.202,0.043,26.9,5.546,32.4,6.311,0.0,0.000,0.7,0.275,0,
69,5,NSF,A,Spatial,3,Pool,60.0,19.436,0.324,0.053,17.1,5.354,15.6,4.389,9.9,3.533,17.5,6.160,0,
70,5,NSF,A,Spatial,4,Pool,4.1,0.949,0.234,0.666,4.0,0.949,0.0,0.000,0.0,0.000,0.0,0.000,1,0.50
71,6,NSF,A,Spatial,3,Pool,60.0,20.781,0.346,0.008,13.7,5.275,14.7,4.937,17.1,5.190,14.5,5.379,0,
72,6,NSF,A,Spatial,4,Pool,60.0,16.835,0.281,0.020,7.2,2.582,4.7,1.939,31.5,7.371,16.7,4.943,0,
73,7,NSF,A,Spatial,3,Pool,35.3,10.480,0.297,0.050,20.2,5.119,7.4,2.441,2.7,1.295,5.0,1.624,1,18.93
74,7,NSF,A,Spatial,4,Pool,7.9,2.420,0.308,0.401,4.1,1.290,3.7,1.130,0.0,0.000,0.0,0.000,1,2.22
75,8,NSF,A,Spatial,3,Pool,60.0,17.063,0.284,0.032,19.3,4.872,7.6,2.570,10.1,3.360,23.0,6.261,0,
76,8,NSF,A,Spatial,4,Pool,60.0,13.662,0.228,0.102,26.0,5.126,11.3,3.717,13.2,2.783,9.5,2.036,0,
77,9,NSF,A,Spatial,3,Pool,60.0,14.642,0.244,0.084,15.8,3.609,27.2,5.754,6.9,2.537,10.0,2.742,0,
78,9,NSF,A,Spatial,4,Pool,5.1,1.533,0.302,0.593,1.6,0.350,0.0,0.000,0.0,0.000,3.5,1.184,1,1.46
79,10,NSF,A,Spatial,3,Pool,60.0,20.731,0.346,0.065,18.6,6.695,18.1,6.200,8.7,3.215,14.7,4.622,0,
80,10,NSF,A,Spatial,4,Pool,26.9,6.548,0.243,0.182,14.9,2.609,4.4,1.311,7.6,2.628,0.0,0.000,1,12.63
81,11,NSF,A,Spatial,3,Pool,60.0,18.799,0.313,0.086,17.7,5.744,17.8,4.851,12.1,4.446,12.4,3.757,0,
82,11,NSF,A,Spatial,4,Pool,32.9,10.226,0.311,0.116,12.9,4.292,11.3,2.856,4.3,1.348,4.5,1.731,1,17.03
83,12,NSF,A,Spatial,3,Pool,36.4,10.690,0.293,0.071,3.9,1.502,10.9,3.146,14.3,3.620,7.3,2.422,1,27.89
84,12,NSF,A,Spatial,4,Pool,15.6,5.955,0.382,0.143,4.0,1.384,6.1,2.063,2.7,1.242,2.8,1.266,1,9.78
85,13,NSF,A,Spatial,3,Pool,30.7,8.475,0.276,0.117,5.5,1.695,13.6,2.489,7.6,2.610,4.0,1.682,1,23.50
86,13,NSF,A,Spatial,4,Pool,60.0,16.514,0.275,0.013,13.1,4.077,22.4,4.926,15.0,4.114,9.6,3.397,0,
87,14,NSF,A,Spatial,3,Pool,60.0,18.021,0.300,0.062,7.9,1.870,18.9,5.989,23.2,6.974,10.0,3.188,0,
88,14,NSF,A,Spatial,4,Pool,60.0,14.761,0.246,0.013,9.3,2.879,28.2,5.393,15.2,3.873,7.3,2.616,0,
89,15,NSF,A,Spatial,3,Pool,60.0,16.134,0.269,0.059,6.1,2.681,25.7,4.877,21.7,5.793,6.5,2.783,0,
90,15,NSF,A,Spatial,4,Pool,60.0,11.958,0.199,0.009,0.0,0.000,2.3,1.014,45.1,8.667,12.7,2.278,0,
91,16,NSF,A,Spatial,3,Pool,60.0,17.985,0.300,0.069,18.8,5.363,17.2,5.527,8.1,2.306,15.8,4.789,0,
92,16,NSF,A,Spatial,4,Pool,7.9,2.175,0.274,0.384,4.0,1.298,3.9,0.878,0.0,0.000,0.0,0.000,1,2.88
93,17,NSF,A,Spatial,3,Pool,60.0,16.722,0.279,0.001,18.4,4.859,23.9,6.906,12.1,3.251,5.6,1.705,0,
94,17,NSF,A,Spatial,4,Pool,24.6,6.389,0.260,0.194,1.2,0.304,19.3,4.864,4.1,1.221,0.0,0.000,1,16.93
95,18,NSF,A,Spatial,3,Pool,60.0,17.233,0.287,0.088,16.2,5.066,9.2,2.564,9.3,3.047,25.3,6.556,0,
96,18,NSF,A,Spatial,4,Pool,60.0,15.213,0.254,0.066,18.1,4.165,15.8,3.715,9.5,3.105,16.5,4.228,0,
97,19,NSF,A,Spatial,3,Pool,60.0,19.915,0.332,0.067,18.9,5.976,15.9,5.300,14.4,4.450,10.9,4.189,0,
98,19,NSF,A,Spatial,4,Pool,11.9,3.759,0.316,0.255,2.7,0.661,4.9,1.809,4.3,1.288,0.0,0.000,1,8.65
99,20,NSF,A,Spatial,3,Pool,60.0,14.937,0.249,0.050,4.8,1.434,5.6,2.029,32.1,6.768,17.5,4.706,0,
100,20,NSF,A,Spatial,4,Pool,60.0,14.358,0.239,0.022,4.5,1.476,14.3,4.270,8.4,2.304,32.8,6.309,0,
101,21,NSF,A,Spatial,3,Pool,60.0,16.218,0.270,0.091,17.3,4.655,11.3,3.753,8.6,2.970,22.7,4.840,0,
102,21,NSF,A,Spatial,4,Pool,10.7,3.077,0.288,0.413,2.7,0.534,0.0,0.000,4.5,1.224,3.5,1.318,1,6.12
103,22,NSF,A,Spatial,3,Pool,60.0,18.007,0.300,0.078,8.5,3.144,7.1,2.012,25.1,7.309,19.3,5.541,0,
104,22,NSF,A,Spatial,4,Pool,41.3,11.678,0.283,0.062,7.2,2.066,5.9,1.947,10.1,3.132,18.0,4.533,1,29.03
105,23,NSF,A,Spatial,3,Pool,15.7,4.998,0.318,0.173,4.7,1.910,0.0,0.000,0.0,0.000,11.0,3.088,1,7.30
106,23,NSF,A,Spatial,4,Pool,60.0,25.341,0.422,0.026,16.1,6.542,14.8,6.268,13.3,5.641,15.7,6.890,0,
107,24,NSF,A,Spatial,3,Pool,60.0,18.383,0.306,0.028,16.9,5.446,6.1,2.035,11.3,3.371,25.6,7.532,0,
108,24,NSF,A,Spatial,4,Pool,7.9,2.239,0.284,0.476,0.8,0.211,0.0,0.000,1.6,0.290,5.5,1.738,1,4.43
109,25,NSF,A,Spatial,3,Pool,60.0,19.129,0.319,0.071,15.6,4.197,14.3,4.954,19.3,6.129,10.8,3.850,0,
110,25,NSF,A,Spatial,4,Pool,60.0,13.807,0.230,0.074,17.6,3.759,6.5,2.016,16.0,3.854,19.9,4.177,0,
111,26,NSF,A,Spatial,3,Pool,60.0,14.370,0.239,0.083,7.6,2.193,3.9,1.303,25.2,4.049,23.4,6.824,0,
112,26,NSF,A,Spatial,4,Pool,17.1,6.074,0.355,0.179,4.5,1.593,5.9,2.043,3.7,1.332,2.9,1.106,1,9.95
113,27,NSF,A,Spatial,3,Pool,9.6,2.941,0.305,0.282,5.1,1.726,3.0,0.567,0.0,0.000,1.6,0.648,1,3.48
114,27,NSF,A,Spatial,4,Pool,60.0,19.107,0.318,0.025,15.7,5.106,8.5,2.758,16.0,5.503,19.7,5.741,0,
115,28,NSF,A,Spatial,3,Pool,11.6,2.490,0.215,0.452,0.9,0.268,0.0,0.000,9.0,1.372,1.6,0.850,1,8.89
116,28,NSF,A,Spatial,4,Pool,12.4,4.727,0.380,0.148,4.9,1.809,3.7,1.217,0.9,0.471,2.8,1.230,1,5.86
117,29,NSF,A,Spatial,3,Pool,60.0,19.948,0.332,0.009,8.7,3.157,6.0,2.498,12.4,4.277,32.9,10.017,0,
118,29,NSF,A,Spatial,4,Pool,25.0,9.116,0.365,0.112,5.5,1.974,3.9,1.366,6.1,2.177,9.5,3.598,1,16.42
119,30,NSF,A,Spatial,3,Pool,60.0,21.340,0.356,0.028,12.3,4.922,10.4,3.586,18.4,6.148,18.9,6.684,0,
120,30,NSF,A,Spatial,4,Pool,35.4,11.017,0.311,0.062,13.8,4.282,14.7,4.340,5.6,1.912,1.3,0.483,1,18.15
121,1,NSF,A,Spatial,5,Pool,14.7,4.673,0.318,0.266,4.1,1.577,4.1,1.337,4.9,1.310,1.5,0.448,1,8.00
122,1,NSF,A,Spatial,6,Pool,18.9,5.847,0.309,0.106,12.3,3.764,4.4,1.319,0.0,0.000,2.1,0.764,1,6.73
123,2,NSF,A,Spatial,5,Pool,60.0,20.100,0.335,0.060,24.7,8.552,13.6,4.376,5.5,1.641,16.2,5.532,0,
124,2,NSF,A,Spatial,6,Pool,11.4,3.865,0.340,0.240,6.4,2.146,0.1,0.058,1.4,0.598,3.4,1.063,1,3.79
125,3,NSF,A,Spatial,5,Pool,17.4,5.428,0.311,0.198,6.3,1.902,6.1,2.009,3.7,0.991,1.3,0.527,1,8.52
126,3,NSF,A,Spatial,6,Pool,4.7,1.031,0.220,0.462,4.7,1.031,0.0,0.000,0.0,0.000,0.0,0.000,1,0.98
127,4,NSF,A,Spatial,5,Pool,60.0,16.902,0.282,0.061,15.6,4.058,16.7,4.821,21.6,5.517,6.2,2.506,0,
128,4,NSF,A,Spatial,6,Pool,12.4,3.011,0.242,0.210,8.4,1.814,0.0,0.000,0.0,0.000,4.0,1.197,1,4.47
129,5,NSF,A,Spatial,5,Pool,8.5,2.596,0.305,0.516,2.8,0.754,3.5,1.209,2.2,0.633,0.0,0.000,1,3.73
130,5,NSF,A,Spatial,6,Pool,28.6,9.795,0.343,0.116,11.1,3.383,4.5,1.555,3.6,1.577,9.4,3.280,1,14.11
131,6,NSF,A,Spatial,5,Pool,16.9,6.624,0.391,0.068,2.4,0.660,5.2,2.136,5.6,2.323,3.7,1.505,1,11.66
132,6,NSF,A,Spatial,6,Pool,43.3,14.776,0.341,0.055,15.2,4.488,10.5,3.410,9.8,3.956,7.8,2.922,1,25.65
133,7,NSF,A,Spatial,5,Pool,46.7,14.079,0.301,0.089,23.8,5.874,12.3,4.421,8.4,2.945,2.1,0.839,1,23.57
134,7,NSF,A,Spatial,6,Pool,8.7,3.038,0.350,0.411,3.2,0.942,2.5,1.077,2.1,0.967,0.8,0.051,1,3.23
135,8,NSF,A,Spatial,5,Pool,60.0,14.709,0.245,0.014,33.4,6.585,5.8,1.552,2.9,1.252,17.9,5.320,0,
136,8,NSF,A,Spatial,6,Pool,60.0,10.330,0.172,0.042,18.7,2.769,0.0,0.000,0.0,0.000,41.3,7.561,0,
137,9,NSF,A,Spatial,5,Pool,60.0,22.372,0.373,0.069,14.5,5.157,20.9,7.190,12.1,4.854,12.5,5.171,0,
138,9,NSF,A,Spatial,6,Pool,37.2,11.551,0.310,0.099,17.7,5.868,12.3,3.904,1.1,0.388,6.1,1.392,1,15.18
139,10,NSF,A,Spatial,5,Pool,25.3,8.536,0.338,0.125,8.9,2.509,6.8,2.424,7.2,2.517,2.3,1.087,1,15.11
140,10,NSF,A,Spatial,6,Pool,24.1,6.380,0.265,0.045,12.6,3.683,2.0,0.380,0.0,0.000,9.5,2.317,1,11.46
141,11,NSF,A,Spatial,5,Pool,49.1,15.735,0.321,0.034,15.5,3.959,6.1,2.507,11.2,4.126,16.3,5.143,1,32.04
142,11,NSF,A,Spatial,6,Pool,60.0,15.757,0.263,0.045,24.3,5.409,26.9,7.259,5.6,2.002,3.2,1.087,0,
143,12,NSF,A,Spatial,5,Pool,60.0,19.636,0.327,0.023,17.3,5.404,14.2,3.862,12.5,4.527,16.0,5.843,0,
144,12,NSF,A,Spatial,6,Pool,6.9,2.032,0.295,0.537,1.6,0.288,3.5,1.201,1.8,0.543,0.0,0.000,1,2.50
145,13,NSF,A,Spatial,5,Pool,60.0,17.148,0.286,0.069,12.1,4.320,7.6,2.609,17.1,4.886,23.3,5.333,0,
146,13,NSF,A,Spatial,6,Pool,60.0,13.516,0.225,0.081,34.6,7.059,15.2,3.893,1.8,0.483,8.4,2.081,0,
147,14,NSF,A,Spatial,5,Pool,60.0,14.482,0.241,0.099,10.3,2.128,12.3,3.308,30.4,6.823,7.1,2.224,0,
148,14,NSF,A,Spatial,6,Pool,60.0,15.185,0.253,0.038,10.3,3.386,18.9,4.010,15.7,3.652,15.1,4.137,0,
149,15,NSF,A,Spatial,5,Pool,3.3,0.966,0.293,0.635,0.8,0.205,0.0,0.000,0.0,0.000,2.5,0.761,1,0.72
150,15,NSF,A,Spatial,6,Pool,60.0,15.853,0.264,0.083,3.0,1.316,21.5,5.776,26.3,6.314,9.2,2.446,0,
151,16,NSF,A,Spatial,5,Pool,60.0,20.983,0.350,0.056,18.4,5.375,18.9,6.892,13.3,5.058,9.3,3.657,0,
152,16,NSF,A,Spatial,6,Pool,27.2,8.286,0.305,0.130,10.1,3.131,10.1,2.869,6.1,2.030,0.8,0.255,1,10.51
153,17,NSF,A,Spatial,5,Pool,60.0,16.988,0.283,0.064,7.5,2.861,7.1,2.437,25.2,5.966,20.2,5.725,0,
154,17,NSF,A,Spatial,6,Pool,18.0,5.556,0.308,0.223,3.1,0.831,7.6,2.661,7.4,2.064,0.0,0.000,1,12.58
155,18,NSF,A,Spatial,5,Pool,60.0,13.584,0.226,0.005,8.9,2.748,30.9,5.701,14.8,3.558,5.3,1.577,0,
156,18,NSF,A,Spatial,6,Pool,60.0,12.443,0.207,0.007,22.6,3.919,22.5,4.754,7.7,1.502,7.2,2.268,0,
157,19,NSF,A,Spatial,5,Pool,2.4,0.561,0.238,0.826,2.4,0.561,0.0,0.000,0.0,0.000,0.0,0.000,1,0.13
158,19,NSF,A,Spatial,6,Pool,34.6,12.770,0.369,0.066,7.5,2.856,11.9,4.407,8.5,3.002,6.7,2.505,1,26.69
159,20,NSF,A,Spatial,5,Pool,60.0,19.644,0.327,0.037,10.9,3.786,7.2,2.974,14.7,4.476,27.1,8.409,0,
160,20,NSF,A,Spatial,6,Pool,42.0,13.106,0.312,0.074,10.9,3.174,9.0,2.798,6.4,2.514,15.6,4.621,1,27.93
161,21,NSF,A,Spatial,5,Pool,2.9,0.650,0.227,0.884,2.4,0.650,0.0,0.000,0.0,0.000,0.5,0.000,1,0.17
162,21,NSF,A,Spatial,6,Pool,6.5,2.154,0.332,0.551,1.1,0.291,2.0,0.791,3.4,1.073,0.0,0.000,1,2.90
163,22,NSF,A,Spatial,5,Pool,60.0,17.108,0.285,0.061,11.0,3.445,9.9,2.811,23.0,6.166,16.1,4.686,0,
164,22,NSF,A,Spatial,6,Pool,60.0,15.224,0.254,0.097,6.9,1.943,23.4,5.265,21.7,5.525,8.0,2.490,0,
165,23,NSF,A,Spatial,5,Pool,60.0,18.825,0.314,0.012,16.4,5.630,10.9,3.752,12.5,4.472,20.1,4.972,0,
166,23,NSF,A,Spatial,6,Pool,60.0,16.433,0.274,0.050,25.9,5.778,21.9,6.433,8.1,2.840,4.0,1.382,0,
167,24,NSF,A,Spatial,5,Pool,3.8,1.123,0.295,0.521,1.2,0.272,0.0,0.000,0.0,0.000,2.6,0.851,1,0.84
168,24,NSF,A,Spatial,6,Pool,51.2,16.648,0.325,0.073,16.0,5.021,21.1,6.351,10.3,3.692,3.7,1.584,1,32.96
169,25,NSF,A,Spatial,5,Pool,60.0,15.270,0.254,0.033,13.2,3.279,11.3,3.285,17.6,3.890,17.9,4.815,0,
170,25,NSF,A,Spatial,6,Pool,25.2,7.571,0.300,0.164,5.3,1.515,7.6,2.502,12.3,3.553,0.0,0.000,1,16.28
171,26,NSF,A,Spatial,5,Pool,60.0,16.052,0.268,0.056,9.5,2.382,28.3,6.782,19.2,5.652,3.1,1.235,0,
172,26,NSF,A,Spatial,6,Pool,41.7,6.853,0.164,0.074,17.7,2.744,24.0,4.109,0.0,0.000,0.0,0.000,1,22.00
173,27,NSF,A,Spatial,5,Pool,22.6,6.461,0.286,0.086,12.7,3.398,2.7,0.890,0.0,0.000,7.2,2.173,1,10.08
174,27,NSF,A,Spatial,6,Pool,7.1,1.761,0.247,0.525,1.2,0.258,5.9,1.502,0.0,0.000,0.0,0.000,1,2.42
175,28,NSF,A,Spatial,5,Pool,28.0,9.229,0.329,0.130,4.6,1.704,3.2,1.352,6.7,2.000,13.5,4.174,1,20.35
176,28,NSF,A,Spatial,6,Pool,3.7,1.102,0.302,0.744,0.7,0.221,3.0,0.881,0.0,0.000,0.0,0.000,1,1.01
177,29,NSF,A,Spatial,5,Pool,56.7,18.316,0.323,0.036,6.7,2.128,8.0,2.677,18.0,6.239,24.0,7.272,1,43.26
178,29,NSF,A,Spatial,6,Pool,11.3,4.030,0.358,0.283,0.8,0.213,2.0,0.869,4.7,1.739,3.7,1.210,1,8.03
179,30,NSF,A,Spatial,5,Pool,11.0,3.380,0.308,0.228,0.9,0.273,4.9,1.727,5.2,1.379,0.0,0.000,1,7.28
180,30,NSF,A,Spatial,6,Pool,60.0,19.041,0.317,0.069,12.1,4.081,16.7,4.874,19.0,5.562,12.3,4.525,0,
181,1,NSF,A,Spatial,7,Pool,15.0,3.474,0.231,0.209,8.1,1.718,0.0,0.000,0.0,0.000,6.9,1.756,1,6.25
182,1,NSF,A,Spatial,8,Pool,13.4,4.644,0.346,0.247,7.3,2.513,0.0,0.000,3.3,1.023,2.8,1.108,1,4.87
183,2,NSF,A,Spatial,7,Pool,60.0,20.172,0.336,0.075,17.9,5.919,12.9,4.670,7.6,2.926,21.6,6.658,0,
184,2,NSF,A,Spatial,8,Pool,13.3,4.620,0.347,0.234,5.9,1.847,4.9,1.778,0.0,0.000,2.5,0.995,1,4.34
185,3,NSF,A,Spatial,7,Pool,60.0,18.182,0.303,0.049,7.9,3.154,11.0,3.899,32.4,8.195,8.8,2.934,0,
186,3,NSF,A,Spatial,8,Pool,60.0,18.341,0.306,0.082,11.9,4.465,26.1,7.500,13.1,3.073,8.9,3.303,0,
187,4,NSF,A,Spatial,7,Pool,60.0,16.981,0.283,0.007,3.3,1.381,6.9,2.639,38.4,9.167,11.3,3.793,0,
188,4,NSF,A,Spatial,8,Pool,60.0,17.256,0.288,0.095,7.6,2.781,16.2,4.370,25.5,6.134,10.8,3.971,0,
189,5,NSF,A,Spatial,7,Pool,60.0,19.627,0.327,0.062,6.7,2.287,5.2,2.204,16.0,5.206,32.1,9.930,0,
190,5,NSF,A,Spatial,8,Pool,30.9,8.995,0.291,0.130,10.7,3.405,10.8,2.620,1.3,0.577,8.1,2.393,1,14.27
191,6,NSF,A,Spatial,7,Pool,9.9,3.214,0.324,0.264,3.6,0.961,6.3,2.253,0.0,0.000,0.0,0.000,1,4.13
192,6,NSF,A,Spatial,8,Pool,9.7,4.300,0.443,0.236,2.0,0.735,3.3,1.514,2.8,1.321,1.6,0.730,1,5.26
193,7,NSF,A,Spatial,7,Pool,4.0,1.084,0.269,0.527,1.9,0.312,0.0,0.000,0.0,0.000,2.1,0.772,1,1.04
194,7,NSF,A,Spatial,8,Pool,9.1,2.937,0.323,0.280,0.9,0.262,8.1,2.675,0.0,0.000,0.0,0.000,1,4.52
195,8,NSF,A,Spatial,7,Pool,60.0,19.221,0.320,0.062,13.6,4.030,11.2,3.885,21.3,6.722,13.9,4.583,0,
196,8,NSF,A,Spatial,8,Pool,60.0,17.908,0.298,0.064,24.0,5.915,19.1,5.292,9.1,3.506,7.9,3.195,0,
197,9,NSF,A,Spatial,7,Pool,60.0,15.764,0.263,0.093,16.5,4.832,8.0,2.523,19.7,4.058,15.9,4.351,0,
198,9,NSF,A,Spatial,8,Pool,60.0,17.551,0.293,0.076,13.7,3.943,4.0,1.414,8.0,2.581,34.3,9.613,0,
199,10,NSF,A,Spatial,7,Pool,6.8,1.920,0.284,0.508,2.7,0.697,4.1,1.223,0.0,0.000,0.0,0.000,1,2.64
200,10,NSF,A,Spatial,8,Pool,21.4,6.798,0.317,0.174,9.7,3.038,4.0,1.333,3.1,0.993,4.5,1.434,1,8.04
201,11,NSF,A,Spatial,7,Pool,5.7,1.519,0.265,0.336,3.9,1.114,0.0,0.000,0.0,0.000,1.9,0.405,1,1.28
202,11,NSF,A,Spatial,8,Pool,57.9,14.193,0.245,0.033,10.4,2.784,30.5,7.413,11.5,2.184,5.5,1.812,1,39.71
203,12,NSF,A,Spatial,7,Pool,7.7,1.826,0.236,0.514,2.8,0.842,4.9,0.984,0.0,0.000,0.0,0.000,1,3.14
204,12,NSF,A,Spatial,8,Pool,15.4,5.735,0.371,0.193,8.5,2.990,3.2,1.272,2.1,0.791,1.6,0.682,1,5.08
205,13,NSF,A,Spatial,7,Pool,60.0,18.408,0.307,0.073,14.3,5.247,12.3,3.250,19.0,4.521,14.4,5.390,0,
206,13,NSF,A,Spatial,8,Pool,2.6,0.580,0.224,0.833,2.6,0.580,0.0,0.000,0.0,0.000,0.0,0.000,1,0.21
207,14,NSF,A,Spatial,7,Pool,60.0,19.219,0.320,0.078,13.8,4.585,19.7,5.752,14.6,4.664,11.8,4.218,0,
208,14,NSF,A,Spatial,8,Pool,60.0,17.993,0.300,0.091,15.5,4.632,11.1,3.339,9.3,3.154,24.2,6.868,0,
209,15,NSF,A,Spatial,7,Pool,14.2,4.801,0.337,0.129,0.7,0.226,3.4,1.164,8.4,2.572,1.7,0.839,1,12.41
210,15,NSF,A,Spatial,8,Pool,60.0,23.718,0.395,0.066,17.6,6.169,11.7,5.036,17.3,6.428,13.3,6.086,0,
211,16,NSF,A,Spatial,7,Pool,60.0,16.041,0.267,0.050,10.0,2.911,31.2,7.412,13.7,4.155,5.1,1.563,0,
212,16,NSF,A,Spatial,8,Pool,15.6,4.132,0.264,0.218,6.9,1.706,8.7,2.426,0.0,0.000,0.0,0.000,1,5.06
213,17,NSF,A,Spatial,7,Pool,60.0,20.769,0.346,0.029,33.3,11.083,16.3,5.886,4.3,1.572,6.1,2.227,0,
214,17,NSF,A,Spatial,8,Pool,60.0,17.482,0.291,0.095,25.8,7.622,22.5,5.831,7.9,2.663,3.7,1.366,0,
215,18,NSF,A,Spatial,7,Pool,60.0,15.288,0.255,0.025,33.3,7.841,18.0,4.822,4.7,1.270,4.0,1.355,0,
216,18,NSF,A,Spatial,8,Pool,3.2,1.050,0.324,0.940,1.0,0.303,0.3,0.120,1.9,0.627,0.0,0.000,1,0.17
217,19,NSF,A,Spatial,7,Pool,60.0,21.460,0.358,0.040,16.0,5.492,20.1,7.487,15.6,5.204,8.3,3.277,0,
218,19,NSF,A,Spatial,8,Pool,41.7,14.840,0.356,0.064,13.1,4.716,11.7,4.475,8.5,2.606,8.3,3.044,1,27.73
219,20,NSF,A,Spatial,7,Pool,22.3,6.958,0.311,0.148,0.7,0.000,8.1,2.680,9.5,2.907,4.1,1.371,1,18.09
220,20,NSF,A,Spatial,8,Pool,60.0,20.615,0.344,0.058,11.8,4.689,9.2,3.510,25.4,7.361,13.6,5.055,0,
221,21,NSF,A,Spatial,7,Pool,19.6,5.941,0.304,0.191,2.3,0.730,5.6,1.680,3.6,1.116,8.1,2.416,1,11.54
222,21,NSF,A,Spatial,8,Pool,60.0,22.984,0.383,0.039,16.3,6.382,12.7,5.053,15.8,5.670,15.2,5.878,0,
223,22,NSF,A,Spatial,7,Pool,60.0,16.127,0.269,0.045,13.9,3.907,3.2,1.293,13.8,3.546,29.1,7.380,0,
224,22,NSF,A,Spatial,8,Pool,32.6,7.766,0.238,0.064,20.8,5.077,0.0,0.000,5.2,1.318,6.7,1.371,1,16.56
225,23,NSF,A,Spatial,7,Pool,9.3,2.570,0.276,0.214,3.8,0.936,5.5,1.634,0.0,0.000,0.0,0.000,1,3.92
226,23,NSF,A,Spatial,8,Pool,22.3,8.040,0.360,0.155,9.5,2.655,4.8,2.008,5.3,2.204,2.8,1.174,1,11.36
227,24,NSF,A,Spatial,7,Pool,19.6,5.983,0.305,0.194,3.1,0.899,1.2,0.450,6.5,1.948,8.8,2.686,1,12.90
228,24,NSF,A,Spatial,8,Pool,22.0,8.272,0.377,0.153,5.6,2.001,10.3,3.977,2.5,0.863,3.6,1.432,1,12.25
229,25,NSF,A,Spatial,7,Pool,30.5,10.033,0.329,0.109,8.3,2.773,6.5,2.424,8.8,3.123,6.9,1.713,1,19.35
230,25,NSF,A,Spatial,8,Pool,7.9,2.471,0.314,0.397,1.2,0.331,2.6,0.684,2.1,0.757,1.9,0.699,1,4.10
231,26,NSF,A,Spatial,7,Pool,60.0,18.151,0.303,0.053,11.0,3.367,24.2,6.899,16.3,5.020,8.5,2.866,0,
232,26,NSF,A,Spatial,8,Pool,60.0,15.903,0.265,0.061,17.2,4.847,26.3,5.878,5.6,2.064,10.9,3.115,0,
233,27,NSF,A,Spatial,7,Pool,22.7,6.242,0.275,0.076,4.1,0.736,14.0,4.032,4.7,1.475,0.0,0.000,1,13.55
234,27,NSF,A,Spatial,8,Pool,60.0,17.704,0.295,0.048,7.9,2.634,18.7,4.571,26.3,7.845,7.2,2.655,0,
235,28,NSF,A,Spatial,7,Pool,15.0,5.371,0.357,0.193,4.1,1.464,0.0,0.000,0.0,0.000,10.9,3.907,1,9.19
236,28,NSF,A,Spatial,8,Pool,12.0,4.929,0.412,0.209,5.5,2.112,3.7,1.594,1.9,0.791,0.9,0.432,1,4.45
237,29,NSF,A,Spatial,7,Pool,60.0,21.471,0.358,0.031,11.1,4.621,11.3,4.385,22.5,7.694,15.1,4.771,0,
238,29,NSF,A,Spatial,8,Pool,23.0,8.268,0.360,0.078,9.5,3.316,1.2,0.500,1.2,0.517,11.1,3.935,1,10.00
239,30,NSF,A,Spatial,7,Pool,37.7,14.983,0.398,0.082,8.0,3.460,7.9,3.348,16.7,5.832,5.0,2.343,1,28.69
240,30,NSF,A,Spatial,8,Pool,18.4,7.602,0.413,0.117,4.9,1.981,6.2,2.525,5.9,2.447,1.5,0.648,1,11.00
241,1,NSF,A,Spatial,9,Pool,27.6,8.251,0.299,0.145,7.6,2.294,17.7,5.246,2.3,0.711,0.0,0.000,1,12.27
242,1,NSF,A,Spatial,10,Pool,12.8,3.841,0.301,0.127,7.7,2.214,0.0,0.000,0.0,0.000,5.1,1.627,1,4.37
243,2,NSF,A,Spatial,9,Pool,60.0,21.756,0.363,0.014,15.6,5.355,23.1,8.549,14.4,4.865,6.9,2.988,0,
244,2,NSF,A,Spatial,10,Pool,60.0,15.175,0.253,0.098,13.7,4.137,33.6,8.138,7.1,1.628,5.6,1.273,0,
245,3,NSF,A,Spatial,9,Pool,23.0,8.438,0.367,0.073,5.0,1.671,7.3,2.401,7.1,2.612,3.6,1.754,1,16.72
246,3,NSF,A,Spatial,10,Pool,60.0,19.563,0.326,0.056,13.2,4.751,18.2,5.256,16.6,5.070,12.0,4.486,0,
247,4,NSF,A,Spatial,9,Pool,60.0,18.147,0.302,0.069,8.6,2.864,4.5,1.887,15.7,5.179,31.2,8.218,0,
248,4,NSF,A,Spatial,10,Pool,60.0,17.695,0.295,0.036,15.5,4.875,20.9,5.516,11.2,3.371,12.4,3.933,0,
249,5,NSF,A,Spatial,9,Pool,9.9,3.159,0.319,0.274,3.9,0.978,1.1,0.429,1.3,0.597,3.6,1.156,1,2.63
250,5,NSF,A,Spatial,10,Pool,8.5,2.061,0.242,0.395,4.7,1.175,1.7,0.562,0.9,0.126,1.2,0.198,1,1.50
251,6,NSF,A,Spatial,9,Pool,40.5,15.509,0.383,0.034,17.9,6.879,10.8,4.169,4.3,1.639,7.5,2.823,1,20.44
252,6,NSF,A,Spatial,10,Pool,13.4,5.171,0.386,0.192,8.4,3.147,4.1,1.685,0.9,0.339,0.0,0.000,1,4.79
253,7,NSF,A,Spatial,9,Pool,3.4,0.920,0.268,0.871,1.7,0.367,1.7,0.553,0.0,0.000,0.0,0.000,1,0.09
254,7,NSF,A,Spatial,10,Pool,5.2,1.807,0.347,0.591,1.6,0.483,0.3,0.105,1.6,0.600,1.7,0.619,1,1.73
255,8,NSF,A,Spatial,9,Pool,60.0,19.204,0.320,0.068,25.5,6.819,13.2,4.925,10.2,3.482,11.1,3.976,0,
256,8,NSF,A,Spatial,10,Pool,18.1,5.567,0.308,0.194,7.1,1.577,0.0,0.000,4.1,1.612,6.9,2.378,1,9.79
257,9,NSF,A,Spatial,9,Pool,60.0,16.468,0.274,0.075,21.9,4.910,8.1,2.785,14.3,3.782,15.7,4.991,0,
258,9,NSF,A,Spatial,10,Pool,51.4,12.323,0.240,0.062,10.6,2.556,9.3,2.863,18.6,3.525,12.9,3.379,1,40.88
259,10,NSF,A,Spatial,9,Pool,18.0,5.587,0.310,0.097,5.7,1.754,5.2,1.867,6.4,1.850,0.7,0.115,1,11.86
260,10,NSF,A,Spatial,10,Pool,8.2,3.024,0.368,0.388,3.3,1.120,2.5,1.041,2.3,0.863,0.0,0.000,1,2.72
261,11,NSF,A,Spatial,9,Pool,29.4,6.691,0.228,0.169,4.1,1.037,22.4,5.062,2.8,0.593,0.0,0.000,1,19.84
262,11,NSF,A,Spatial,10,Pool,9.7,2.183,0.225,0.224,6.5,1.569,3.2,0.614,0.0,0.000,0.0,0.000,1,2.96
263,12,NSF,A,Spatial,9,Pool,6.0,1.508,0.252,0.391,6.0,1.508,0.0,0.000,0.0,0.000,0.0,0.000,1,1.55
264,12,NSF,A,Spatial,10,Pool,3.2,0.991,0.314,0.747,2.1,0.654,1.0,0.338,0.0,0.000,0.0,0.000,1,0.23
265,13,NSF,A,Spatial,9,Pool,60.0,15.162,0.253,0.097,14.4,4.510,28.5,5.282,13.8,4.048,3.3,1.321,0,
266,13,NSF,A,Spatial,10,Pool,60.0,11.709,0.195,0.023,16.8,3.012,34.5,6.069,5.3,1.310,3.3,1.318,0,
267,14,NSF,A,Spatial,9,Pool,5.9,1.928,0.328,0.306,1.2,0.341,0.0,0.000,0.0,0.000,4.7,1.586,1,2.75
268,14,NSF,A,Spatial,10,Pool,60.0,19.921,0.332,0.032,12.4,4.249,11.7,3.924,17.3,5.672,18.6,6.075,0,
269,15,NSF,A,Spatial,9,Pool,60.0,21.780,0.363,0.063,21.0,7.419,18.8,6.378,11.2,4.504,9.0,3.479,0,
270,15,NSF,A,Spatial,10,Pool,60.0,22.054,0.368,0.056,20.8,7.628,9.3,3.653,8.4,3.157,21.5,7.616,0,
271,16,NSF,A,Spatial,9,Pool,16.0,4.459,0.278,0.069,6.0,1.682,4.7,1.251,5.1,1.447,0.3,0.079,1,10.74
272,16,NSF,A,Spatial,10,Pool,7.8,2.733,0.351,0.362,1.9,0.522,2.7,1.023,0.0,0.000,3.2,1.188,1,2.84
273,17,NSF,A,Spatial,9,Pool,60.0,19.364,0.323,0.021,16.1,5.337,19.2,5.751,18.0,5.697,6.7,2.579,0,
274,17,NSF,A,Spatial,10,Pool,5.8,1.582,0.271,0.586,1.6,0.409,4.2,1.173,0.0,0.000,0.0,0.000,1,2.16
275,18,NSF,A,Spatial,9,Pool,5.8,1.878,0.322,0.602,3.1,0.799,1.7,0.747,1.1,0.332,0.0,0.000,1,1.04
276,18,NSF,A,Spatial,10,Pool,23.4,6.348,0.271,0.145,9.2,2.408,9.5,2.397,2.9,0.942,1.7,0.601,1,10.68
277,19,NSF,A,Spatial,9,Pool,14.9,5.404,0.363,0.110,1.3,0.384,0.0,0.000,7.3,2.582,6.2,2.437,1,13.23
278,19,NSF,A,Spatial,10,Pool,7.5,2.823,0.379,0.433,1.6,0.412,2.8,1.219,3.0,1.193,0.0,0.000,1,4.18
279,20,NSF,A,Spatial,9,Pool,60.0,17.050,0.284,0.007,1.6,0.644,22.8,6.239,28.5,7.622,7.1,2.544,0,
280,20,NSF,A,Spatial,10,Pool,12.1,3.295,0.273,0.213,6.9,1.977,3.4,0.857,0.0,0.000,1.7,0.461,1,4.29
281,21,NSF,A,Spatial,9,Pool,40.9,15.421,0.377,0.055,9.6,3.409,9.2,3.475,10.5,4.083,11.5,4.454,1,28.81
282,21,NSF,A,Spatial,10,Pool,6.8,2.531,0.372,0.237,0.8,0.217,0.0,0.000,1.9,0.699,4.1,1.614,1,4.02
283,22,NSF,A,Spatial,9,Pool,25.6,7.840,0.306,0.160,10.7,3.458,7.2,2.325,3.2,0.773,4.5,1.284,1,10.71
284,22,NSF,A,Spatial,10,Pool,6.1,1.619,0.266,0.704,0.9,0.248,0.0,0.000,0.0,0.000,5.1,1.372,1,1.58
285,23,NSF,A,Spatial,9,Pool,11.3,4.005,0.354,0.166,4.7,1.524,2.3,0.964,1.1,0.466,3.3,1.051,1,4.68
286,23,NSF,A,Spatial,10,Pool,5.9,2.026,0.345,0.581,2.8,0.976,3.1,1.050,0.0,0.000,0.0,0.000,1,1.51
287,24,NSF,A,Spatial,9,Pool,11.0,3.779,0.344,0.230,6.1,2.145,3.5,1.021,0.7,0.303,0.7,0.310,1,3.37
288,24,NSF,A,Spatial,10,Pool,6.5,1.896,0.290,0.443,1.2,0.277,0.0,0.000,1.1,0.383,4.3,1.235,1,3.09
289,25,NSF,A,Spatial,9,Pool,4.4,1.389,0.316,0.770,0.7,0.267,3.7,1.122,0.0,0.000,0.0,0.000,1,1.33
290,25,NSF,A,Spatial,10,Pool,14.3,4.858,0.341,0.170,6.0,1.950,0.0,0.000,1.1,0.422,7.2,2.485,1,5.18
291,26,NSF,A,Spatial,9,Pool,60.0,17.796,0.297,0.045,12.4,4.337,13.5,4.051,17.5,4.934,16.6,4.474,0,
292,26,NSF,A,Spatial,10,Pool,30.9,8.857,0.287,0.097,10.1,2.821,7.1,2.322,6.4,1.795,7.3,1.919,1,17.91
293,27,NSF,A,Spatial,9,Pool,21.3,5.873,0.276,0.114,6.3,1.278,0.0,0.000,7.1,1.991,7.9,2.604,1,15.03
294,27,NSF,A,Spatial,10,Pool,49.2,15.074,0.306,0.082,11.2,3.182,1.9,0.639,18.9,5.746,17.3,5.506,1,33.77
295,28,NSF,A,Spatial,9,Pool,38.5,14.369,0.373,0.063,10.8,3.456,2.9,1.037,9.5,3.664,15.3,6.212,1,25.24
296,28,NSF,A,Spatial,10,Pool,60.0,18.335,0.306,0.030,9.4,2.855,7.4,2.542,7.3,2.284,35.9,10.653,0,
297,29,NSF,A,Spatial,9,Pool,37.6,13.652,0.363,0.061,16.5,5.906,6.1,2.501,2.6,1.102,12.5,4.143,1,18.09
298,29,NSF,A,Spatial,10,Pool,3.0,1.144,0.383,0.940,0.9,0.311,0.5,0.239,1.5,0.594,0.0,0.000,1,0.17
299,30,NSF,A,Spatial,9,Pool,33.7,12.624,0.375,0.080,14.4,4.904,1.9,0.821,6.8,2.832,10.6,4.067,1,15.97
300,30,NSF,A,Spatial,10,Pool,14.5,5.395,0.372,0.126,6.3,2.376,2.9,0.841,1.5,0.551,3.9,1.627,1,7.22
301,1,NSF,A,Spatial,11,Pool,2.1,0.551,0.257,0.908,1.2,0.382,1.0,0.168,0.0,0.000,0.0,0.000,1,0.16
302,1,NSF,A,Spatial,12,Pool,13.7,4.362,0.318,0.171,10.0,3.378,2.5,0.645,0.0,0.000,1.2,0.338,1,2.82
303,2,NSF,A,Spatial,11,Pool,10.2,3.394,0.332,0.205,0.8,0.213,3.9,1.215,3.7,1.225,1.7,0.740,1,8.02
304,2,NSF,A,Spatial,12,Pool,60.0,20.084,0.335,0.021,19.7,6.891,17.1,4.984,6.1,2.380,17.1,5.830,0,
305,3,NSF,A,Spatial,11,Pool,6.5,2.439,0.375,0.224,2.2,0.623,0.9,0.483,0.3,0.124,3.1,1.210,1,2.60
306,3,NSF,A,Spatial,12,Pool,24.2,7.782,0.321,0.168,14.4,3.815,3.5,1.385,4.1,1.576,2.3,1.007,1,10.05
307,4,NSF,A,Spatial,11,Pool,60.0,16.680,0.278,0.078,21.4,6.230,8.8,2.595,11.0,2.780,18.8,5.076,0,
308,4,NSF,A,Spatial,12,Pool,22.1,5.789,0.262,0.222,10.3,2.420,8.4,2.278,1.5,0.559,2.0,0.532,1,8.65
309,5,NSF,A,Spatial,11,Pool,3.8,1.260,0.330,0.343,2.1,0.619,1.7,0.641,0.0,0.000,0.0,0.000,1,1.19
310,5,NSF,A,Spatial,12,Pool,5.1,1.750,0.345,0.495,0.9,0.267,1.3,0.439,2.0,0.711,0.8,0.333,1,2.20
311,6,NSF,A,Spatial,11,Pool,12.3,4.895,0.399,0.199,1.6,0.487,3.9,1.589,6.4,2.656,0.4,0.163,1,8.45
312,6,NSF,A,Spatial,12,Pool,8.1,2.858,0.355,0.200,1.1,0.256,6.0,2.292,0.9,0.310,0.0,0.000,1,4.96
313,7,NSF,A,Spatial,11,Pool,2.6,0.812,0.316,0.756,0.8,0.221,0.0,0.000,0.0,0.000,1.8,0.591,1,0.32
314,7,NSF,A,Spatial,12,Pool,5.9,2.343,0.394,0.534,3.7,1.414,0.0,0.000,2.2,0.929,0.0,0.000,1,1.04
315,8,NSF,A,Spatial,11,Pool,60.0,18.788,0.313,0.049,29.4,7.776,8.8,3.366,6.8,2.606,14.9,5.040,0,
316,8,NSF,A,Spatial,12,Pool,39.9,10.741,0.269,0.063,23.3,6.276,7.8,1.988,4.8,1.166,4.0,1.310,1,19.07
317,9,NSF,A,Spatial,11,Pool,5.4,2.172,0.405,0.417,1.2,0.392,0.0,0.000,2.4,1.085,1.7,0.695,1,2.91
318,9,NSF,A,Spatial,12,Pool,32.3,8.869,0.274,0.081,9.0,2.499,6.5,1.493,4.0,1.295,12.8,3.581,1,19.77
319,10,NSF,A,Spatial,11,Pool,15.0,5.144,0.343,0.204,3.7,1.039,8.4,3.031,2.8,1.074,0.0,0.000,1,6.78
320,10,NSF,A,Spatial,12,Pool,4.5,1.696,0.380,0.632,0.9,0.304,0.5,0.238,2.3,1.050,0.7,0.103,1,1.79
321,11,NSF,A,Spatial,11,Pool,17.5,5.247,0.301,0.093,11.4,3.266,2.5,1.039,0.0,0.000,3.5,0.942,1,6.27
322,11,NSF,A,Spatial,12,Pool,7.0,2.288,0.328,0.373,4.4,1.565,2.6,0.722,0.0,0.000,0.0,0.000,1,1.17
323,12,NSF,A,Spatial,11,Pool,7.1,2.526,0.354,0.332,4.9,1.702,2.2,0.824,0.0,0.000,0.0,0.000,1,1.40
324,12,NSF,A,Spatial,12,Pool,9.0,6.762,0.748,0.071,6.5,4.501,0.0,0.000,0.0,0.000,2.5,2.260,1,3.10
325,13,NSF,A,Spatial,11,Pool,24.7,7.287,0.295,0.170,6.4,1.842,7.7,2.313,7.4,1.821,3.2,1.311,1,15.76
326,13,NSF,A,Spatial,12,Pool,60.0,21.334,0.356,0.064,16.6,5.278,15.5,5.613,13.0,5.252,14.9,5.192,0,
327,14,NSF,A,Spatial,11,Pool,60.0,17.231,0.287,0.036,10.8,3.124,6.5,2.532,17.3,3.848,25.4,7.725,0,
328,14,NSF,A,Spatial,12,Pool,60.0,17.682,0.295,0.017,14.0,4.451,22.1,6.182,15.6,4.398,8.3,2.652,0,
329,15,NSF,A,Spatial,11,Pool,2.0,0.459,0.227,0.920,2.0,0.459,0.0,0.000,0.0,0.000,0.0,0.000,1,0.05
330,15,NSF,A,Spatial,12,Pool,15.8,5.896,0.374,0.192,2.0,0.679,2.1,1.025,3.9,1.465,7.8,2.726,1,11.03
331,16,NSF,A,Spatial,11,Pool,11.7,2.869,0.245,0.406,6.9,1.609,1.5,0.192,3.2,1.068,0.0,0.000,1,2.69
332,16,NSF,A,Spatial,12,Pool,4.2,1.253,0.300,0.572,1.2,0.333,3.0,0.920,0.0,0.000,0.0,0.000,1,1.15
333,17,NSF,A,Spatial,11,Pool,13.3,4.556,0.344,0.107,5.9,1.846,3.3,1.253,1.7,0.635,2.3,0.822,1,6.34
334,17,NSF,A,Spatial,12,Pool,8.5,2.858,0.335,0.268,4.4,1.465,4.2,1.393,0.0,0.000,0.0,0.000,1,2.48
335,18,NSF,A,Spatial,11,Pool,60.0,17.307,0.288,0.093,25.8,6.411,6.1,2.012,9.1,3.140,19.0,5.744,0,
336,18,NSF,A,Spatial,12,Pool,54.3,15.139,0.279,0.061,39.2,11.033,6.7,1.742,0.0,0.000,8.4,2.364,1,17.96
337,19,NSF,A,Spatial,11,Pool,29.3,11.215,0.382,0.065,4.1,1.625,6.1,2.389,9.2,3.636,9.8,3.566,1,23.01
338,19,NSF,A,Spatial,12,Pool,17.8,6.673,0.374,0.169,4.5,1.576,4.5,1.889,5.8,2.289,2.9,0.919,1,11.17
339,20,NSF,A,Spatial,11,Pool,5.0,1.245,0.250,0.764,1.3,0.317,0.0,0.000,0.0,0.000,3.6,0.929,1,1.07
340,20,NSF,A,Spatial,12,Pool,32.6,11.701,0.358,0.085,7.2,2.544,11.2,4.212,10.4,3.338,3.9,1.607,1,22.66
341,21,NSF,A,Spatial,11,Pool,19.7,6.473,0.329,0.142,8.9,2.794,2.0,0.629,3.5,1.121,5.3,1.929,1,8.67
342,21,NSF,A,Spatial,12,Pool,8.1,2.991,0.371,0.319,0.9,0.247,1.8,0.524,3.1,1.241,2.3,0.979,1,5.71
343,22,NSF,A,Spatial,11,Pool,9.9,3.344,0.338,0.168,0.9,0.251,0.0,0.000,2.7,1.001,6.3,2.092,1,6.34
344,22,NSF,A,Spatial,12,Pool,3.1,1.137,0.366,0.922,1.0,0.352,0.0,0.000,1.9,0.715,0.2,0.070,1,0.23
345,23,NSF,A,Spatial,11,Pool,10.5,3.700,0.352,0.205,6.9,2.401,0.0,0.000,0.0,0.000,3.6,1.298,1,2.81
346,23,NSF,A,Spatial,12,Pool,10.1,3.688,0.365,0.280,3.7,1.100,1.5,0.506,2.8,1.179,2.0,0.904,1,5.40
347,24,NSF,A,Spatial,11,Pool,31.1,9.714,0.312,0.128,5.4,1.538,16.7,4.938,6.7,2.249,2.3,0.990,1,17.93
348,24,NSF,A,Spatial,12,Pool,6.1,1.769,0.292,0.391,4.5,1.308,1.5,0.462,0.0,0.000,0.0,0.000,1,1.02
349,25,NSF,A,Spatial,11,Pool,37.0,11.831,0.320,0.085,6.5,1.842,18.8,5.984,7.5,2.490,4.3,1.514,1,23.04
350,25,NSF,A,Spatial,12,Pool,21.5,4.513,0.210,0.281,16.5,2.857,0.2,0.063,3.4,1.117,1.3,0.474,1,3.31
351,26,NSF,A,Spatial,11,Pool,15.8,5.544,0.350,0.092,4.9,1.559,3.7,1.277,3.9,1.340,3.3,1.369,1,11.59
352,26,NSF,A,Spatial,12,Pool,32.3,11.434,0.354,0.083,8.4,2.983,6.8,2.538,6.8,2.656,10.3,3.257,1,21.99
353,27,NSF,A,Spatial,11,Pool,60.0,17.800,0.297,0.062,12.1,3.861,11.2,3.322,16.2,4.681,20.5,5.936,0,
354,27,NSF,A,Spatial,12,Pool,10.9,3.209,0.295,0.261,3.7,0.951,7.1,2.257,0.0,0.000,0.0,0.000,1,4.62
355,28,NSF,A,Spatial,11,Pool,17.9,5.883,0.328,0.206,8.8,2.668,0.9,0.303,1.5,0.553,6.7,2.359,1,6.46
356,28,NSF,A,Spatial,12,Pool,31.5,9.143,0.290,0.101,24.5,6.872,7.0,2.271,0.0,0.000,0.0,0.000,1,9.53
357,29,NSF,A,Spatial,11,Pool,2.1,0.634,0.308,0.899,2.0,0.634,0.0,0.000,0.0,0.000,0.0,0.000,1,0.15
358,29,NSF,A,Spatial,12,Pool,6.3,2.438,0.385,0.468,1.3,0.407,0.8,0.359,4.2,1.672,0.0,0.000,1,3.38
359,30,NSF,A,Spatial,11,Pool,13.1,4.905,0.374,0.113,8.3,2.772,0.0,0.000,0.0,0.000,4.8,2.133,1,5.27
360,30,NSF,A,Spatial,12,Pool,6.5,2.247,0.344,0.434,2.7,0.803,0.0,0.000,0.0,0.000,3.8,1.443,1,1.66
361,1,NSF,A,Spatial,13,Pool,8.8,2.386,0.271,0.350,4.3,1.053,4.5,1.333,0.0,0.000,0.0,0.000,1,2.91
362,1,NSF,A,Spatial,14,Pool,9.4,2.997,0.320,0.433,3.7,1.119,3.6,1.123,2.0,0.754,0.0,0.000,1,3.00
363,2,NSF,A,Spatial,13,Pool,60.0,13.720,0.229,0.089,3.1,1.131,36.7,7.503,17.2,4.446,3.1,0.640,0,
364,2,NSF,A,Spatial,14,Pool,60.0,15.745,0.262,0.064,22.3,6.182,23.7,6.169,8.1,2.152,6.0,1.242,0,
365,3,NSF,A,Spatial,13,Pool,27.4,8.052,0.294,0.066,20.6,5.318,2.4,0.948,0.0,0.000,4.3,1.786,1,9.84
366,3,NSF,A,Spatial,14,Pool,7.7,2.171,0.280,0.234,5.2,1.326,2.5,0.845,0.0,0.000,0.0,0.000,1,2.17
367,4,NSF,A,Spatial,13,Pool,56.2,11.872,0.211,0.075,9.6,1.910,35.9,7.427,7.9,1.799,2.8,0.735,1,42.72
368,4,NSF,A,Spatial,14,Pool,9.5,2.126,0.224,0.569,0.9,0.287,4.1,1.173,4.4,0.666,0.0,0.000,1,5.18
369,5,NSF,A,Spatial,13,Pool,2.7,0.678,0.251,0.777,2.7,0.678,0.0,0.000,0.0,0.000,0.0,0.000,1,0.21
370,5,NSF,A,Spatial,14,Pool,8.9,2.898,0.327,0.454,5.1,1.642,0.5,0.074,1.9,0.586,1.3,0.596,1,1.72
371,6,NSF,A,Spatial,13,Pool,14.5,4.568,0.316,0.268,7.9,2.345,2.9,1.128,3.7,1.096,0.0,0.000,1,5.67
372,6,NSF,A,Spatial,14,Pool,2.3,0.765,0.335,0.965,0.9,0.316,0.0,0.000,0.0,0.000,1.3,0.450,1,0.08
373,7,NSF,A,Spatial,13,Pool,4.5,1.339,0.295,0.635,3.2,0.905,1.3,0.435,0.0,0.000,0.0,0.000,1,0.53
374,7,NSF,A,Spatial,14,Pool,4.6,1.612,0.351,0.728,1.5,0.410,0.4,0.166,2.7,1.037,0.0,0.000,1,0.85
375,8,NSF,A,Spatial,13,Pool,60.0,16.524,0.275,0.086,19.4,4.317,10.1,3.356,16.0,5.033,14.5,3.818,0,
376,8,NSF,A,Spatial,14,Pool,24.2,7.417,0.307,0.078,10.8,2.777,2.9,1.206,3.7,1.279,6.7,2.154,1,14.05
377,9,NSF,A,Spatial,13,Pool,60.0,16.657,0.278,0.044,11.1,3.462,13.9,4.478,23.1,5.693,12.0,3.024,0,
378,9,NSF,A,Spatial,14,Pool,12.6,3.634,0.287,0.366,1.6,0.435,3.1,1.049,8.0,2.151,0.0,0.000,1,8.52
379,10,NSF,A,Spatial,13,Pool,19.2,5.868,0.306,0.209,2.7,0.718,10.0,2.971,4.8,1.639,1.7,0.541,1,9.33
380,10,NSF,A,Spatial,14,Pool,20.8,6.984,0.336,0.182,7.9,2.536,6.4,2.197,3.3,0.948,3.2,1.303,1,11.08
381,11,NSF,A,Spatial,13,Pool,24.1,7.710,0.320,0.135,5.2,1.904,15.7,4.998,1.6,0.298,1.6,0.510,1,12.35
382,11,NSF,A,Spatial,14,Pool,14.7,4.625,0.315,0.173,3.6,1.063,11.0,3.563,0.0,0.000,0.0,0.000,1,7.26
383,12,NSF,A,Spatial,13,Pool,15.8,5.186,0.328,0.156,1.3,0.399,1.2,0.530,3.3,1.197,9.9,3.060,1,11.91
384,12,NSF,A,Spatial,14,Pool,15.7,5.910,0.376,0.184,12.3,4.633,3.4,1.277,0.0,0.000,0.0,0.000,1,3.89
385,13,NSF,A,Spatial,13,Pool,60.0,19.412,0.324,0.012,14.3,4.862,13.3,4.397,15.7,4.934,16.6,5.218,0,
386,13,NSF,A,Spatial,14,Pool,60.0,19.512,0.325,0.078,12.9,4.358,10.0,3.721,21.7,5.708,15.3,5.724,0,
387,14,NSF,A,Spatial,13,Pool,3.2,1.126,0.349,0.984,0.9,0.250,0.0,0.000,1.6,0.603,0.7,0.273,1,-0.02
388,14,NSF,A,Spatial,14,Pool,60.0,20.643,0.344,0.027,13.6,5.004,16.3,5.660,16.4,5.235,13.7,4.745,0,
389,15,NSF,A,Spatial,13,Pool,3.6,1.340,0.371,0.823,0.9,0.286,0.0,0.000,0.0,0.000,2.7,1.054,1,0.63
390,15,NSF,A,Spatial,14,Pool,6.9,2.483,0.361,0.459,1.1,0.309,0.5,0.034,3.2,1.262,2.1,0.878,1,3.92
391,16,NSF,A,Spatial,13,Pool,10.4,3.559,0.343,0.260,2.4,0.647,2.8,1.087,2.3,1.132,2.9,0.693,1,6.15
392,16,NSF,A,Spatial,14,Pool,4.3,1.430,0.335,0.794,1.1,0.312,3.2,1.118,0.0,0.000,0.0,0.000,1,0.95
393,17,NSF,A,Spatial,13,Pool,53.1,6.334,0.119,0.150,4.8,1.370,33.4,3.940,14.5,0.958,0.3,0.065,1,30.60
394,17,NSF,A,Spatial,14,Pool,39.9,13.137,0.329,0.094,13.2,4.697,12.6,3.797,4.5,1.756,9.6,2.888,1,22.82
395,18,NSF,A,Spatial,13,Pool,20.0,6.082,0.304,0.096,11.6,3.012,3.0,1.132,2.5,0.929,2.8,1.009,1,8.38
396,18,NSF,A,Spatial,14,Pool,8.3,2.402,0.289,0.418,5.9,1.619,0.0,0.000,0.0,0.000,2.4,0.784,1,1.87
397,19,NSF,A,Spatial,13,Pool,38.2,13.546,0.355,0.053,6.5,2.178,4.8,1.855,10.3,3.836,16.5,5.678,1,28.69
398,19,NSF,A,Spatial,14,Pool,13.0,4.461,0.343,0.204,1.3,0.349,4.4,1.701,4.5,1.685,2.8,0.726,1,9.39
399,20,NSF,A,Spatial,13,Pool,36.6,10.746,0.293,0.108,5.1,1.642,2.1,0.802,17.2,4.132,12.2,4.171,1,26.03
400,20,NSF,A,Spatial,14,Pool,56.9,20.185,0.354,0.048,14.8,5.395,13.3,4.899,15.3,5.045,13.6,4.845,1,37.20
401,21,NSF,A,Spatial,13,Pool,14.4,4.319,0.300,0.284,2.0,0.458,0.0,0.000,2.0,0.574,10.4,3.287,1,8.04
402,21,NSF,A,Spatial,14,Pool,34.5,12.606,0.365,0.082,12.1,4.077,7.9,3.285,4.0,1.493,10.5,3.750,1,18.44
403,22,NSF,A,Spatial,13,Pool,17.6,5.819,0.331,0.176,8.3,2.556,3.4,1.155,1.5,0.617,4.4,1.491,1,6.14
404,22,NSF,A,Spatial,14,Pool,4.0,1.504,0.375,0.800,1.3,0.418,0.0,0.000,0.0,0.000,2.7,1.086,1,0.71
405,23,NSF,A,Spatial,13,Pool,9.4,3.304,0.352,0.171,5.2,1.819,0.0,0.000,0.0,0.000,4.2,1.485,1,3.21
406,23,NSF,A,Spatial,14,Pool,7.5,2.267,0.301,0.226,5.4,1.698,2.1,0.570,0.0,0.000,0.0,0.000,1,1.72
407,24,NSF,A,Spatial,13,Pool,23.0,8.283,0.360,0.116,8.0,2.642,6.3,2.478,5.2,1.822,3.5,1.341,1,12.83
408,24,NSF,A,Spatial,14,Pool,6.3,2.246,0.356,0.461,1.3,0.471,0.0,0.000,2.9,1.218,2.1,0.558,1,3.71
409,25,NSF,A,Spatial,13,Pool,45.9,14.961,0.326,0.033,27.9,8.676,5.1,2.239,0.3,0.000,12.6,4.046,1,17.90
410,25,NSF,A,Spatial,14,Pool,4.8,1.161,0.243,0.394,3.3,0.611,1.5,0.550,0.0,0.000,0.0,0.000,1,1.19
411,26,NSF,A,Spatial,13,Pool,60.0,18.348,0.306,0.005,12.9,4.040,13.9,4.486,21.2,5.972,12.0,3.849,0,
412,26,NSF,A,Spatial,14,Pool,45.4,12.680,0.279,0.077,16.0,4.833,12.9,3.411,4.1,1.281,12.4,3.155,1,26.73
413,27,NSF,A,Spatial,13,Pool,12.1,3.633,0.300,0.221,2.5,0.842,5.0,1.408,4.1,1.220,0.4,0.163,1,6.79
414,27,NSF,A,Spatial,14,Pool,11.7,4.377,0.375,0.268,5.1,1.878,3.7,1.408,2.8,1.091,0.0,0.000,1,4.16
415,28,NSF,A,Spatial,13,Pool,60.0,20.115,0.335,0.038,6.0,2.049,27.8,9.362,23.3,7.405,2.9,1.298,0,
416,28,NSF,A,Spatial,14,Pool,8.2,3.071,0.375,0.290,2.0,0.749,4.5,1.699,0.0,0.000,1.7,0.623,1,3.44
417,29,NSF,A,Spatial,13,Pool,15.3,5.362,0.350,0.247,1.2,0.356,0.9,0.398,8.8,2.814,4.4,1.793,1,10.09
418,29,NSF,A,Spatial,14,Pool,19.5,7.450,0.383,0.123,13.7,5.432,4.9,1.689,0.0,0.000,0.8,0.329,1,4.95
419,30,NSF,A,Spatial,13,Pool,3.5,1.169,0.338,0.955,0.8,0.244,0.0,0.000,1.6,0.446,1.1,0.479,1,0.32
420,30,NSF,A,Spatial,14,Pool,3.6,1.307,0.365,0.890,1.5,0.461,2.1,0.847,0.0,0.000,0.0,0.000,1,0.09
421,1,NSF,A,Spatial,15,Pool,13.0,3.706,0.285,0.320,6.4,1.736,3.5,0.955,2.7,0.987,0.4,0.029,1,3.49
422,1,NSF,A,Spatial,16,Pool,8.8,2.444,0.279,0.479,1.5,0.412,7.3,2.032,0.0,0.000,0.0,0.000,1,3.42
423,2,NSF,A,Spatial,15,Pool,2.1,0.726,0.341,0.989,0.8,0.281,0.0,0.000,0.0,0.000,1.3,0.445,1,0.07
424,2,NSF,A,Spatial,16,Pool,21.4,6.782,0.317,0.180,4.3,1.203,11.3,3.554,5.9,2.024,0.0,0.000,1,14.82
425,3,NSF,A,Spatial,15,Pool,1.8,0.450,0.254,0.657,1.8,0.450,0.0,0.000,0.0,0.000,0.0,0.000,1,0.09
426,3,NSF,A,Spatial,16,Pool,6.5,2.120,0.327,0.487,4.3,1.404,2.2,0.715,0.0,0.000,0.0,0.000,1,0.93
427,4,NSF,A,Spatial,15,Pool,41.2,12.895,0.313,0.094,20.4,5.768,11.6,3.618,6.8,2.479,2.4,1.031,1,19.98
428,4,NSF,A,Spatial,16,Pool,60.0,13.399,0.223,0.027,46.5,9.824,9.9,2.559,0.0,0.000,3.6,1.015,0,
429,5,NSF,A,Spatial,15,Pool,11.3,3.507,0.310,0.251,7.1,2.197,4.2,1.310,0.0,0.000,0.0,0.000,1,3.02
430,5,NSF,A,Spatial,16,Pool,4.9,1.499,0.309,0.597,2.9,0.829,1.9,0.670,0.0,0.000,0.0,0.000,1,0.71
431,6,NSF,A,Spatial,15,Pool,9.5,2.884,0.304,0.161,8.9,2.774,0.0,0.000,0.0,0.000,0.5,0.110,1,1.59
432,6,NSF,A,Spatial,16,Pool,9.4,3.000,0.320,0.253,7.8,2.464,0.0,0.000,0.0,0.000,1.5,0.535,1,1.37
433,7,NSF,A,Spatial,15,Pool,11.0,3.383,0.307,0.362,8.9,2.562,0.0,0.000,2.1,0.820,0.0,0.000,1,1.41
434,7,NSF,A,Spatial,16,Pool,32.1,10.095,0.314,0.110,12.8,3.948,16.4,4.956,2.1,0.879,0.8,0.313,1,14.62
435,8,NSF,A,Spatial,15,Pool,19.9,8.066,0.405,0.146,7.9,3.013,3.9,1.867,4.5,1.726,3.6,1.460,1,10.69
436,8,NSF,A,Spatial,16,Pool,35.0,11.340,0.324,0.093,14.1,4.503,4.0,1.260,6.5,2.551,10.3,3.026,1,17.30
437,9,NSF,A,Spatial,15,Pool,10.4,3.928,0.379,0.208,2.5,0.925,2.6,0.967,3.9,1.451,1.3,0.585,1,6.06
438,9,NSF,A,Spatial,16,Pool,27.6,8.106,0.294,0.135,6.1,1.671,0.4,0.141,7.5,1.945,13.6,4.348,1,18.74
439,10,NSF,A,Spatial,15,Pool,4.7,1.565,0.330,0.290,3.2,1.118,0.0,0.000,0.0,0.000,1.5,0.447,1,1.14
440,10,NSF,A,Spatial,16,Pool,4.2,1.400,0.332,0.318,4.2,1.400,0.0,0.000,0.0,0.000,0.0,0.000,1,0.56
441,11,NSF,A,Spatial,15,Pool,11.6,3.268,0.281,0.241,6.4,1.760,5.2,1.507,0.0,0.000,0.0,0.000,1,4.29
442,11,NSF,A,Spatial,16,Pool,11.1,3.818,0.343,0.257,1.9,0.573,3.8,1.355,3.3,1.304,2.1,0.586,1,5.06
443,12,NSF,A,Spatial,15,Pool,12.8,4.408,0.345,0.292,4.9,1.593,0.5,0.243,6.1,2.223,1.2,0.350,1,5.30
444,12,NSF,A,Spatial,16,Pool,12.8,4.573,0.358,0.199,8.9,3.085,0.0,0.000,0.0,0.000,3.8,1.488,1,3.06
445,13,NSF,A,Spatial,15,Pool,60.0,19.488,0.325,0.034,15.6,4.967,16.5,5.707,9.8,3.813,18.2,5.001,0,
446,13,NSF,A,Spatial,16,Pool,60.0,17.533,0.292,0.034,15.3,4.448,14.0,4.239,23.4,6.024,7.2,2.821,0,
447,14,NSF,A,Spatial,15,Pool,60.0,16.635,0.277,0.098,11.0,3.415,11.3,3.717,22.8,5.388,14.9,4.116,0,
448,14,NSF,A,Spatial,16,Pool,60.0,18.755,0.313,0.040,19.4,5.827,14.3,4.894,11.5,3.382,14.8,4.652,0,
449,15,NSF,A,Spatial,15,Pool,6.8,1.860,0.274,0.588,3.6,0.734,0.0,0.000,0.0,0.000,3.2,1.127,1,0.97
450,15,NSF,A,Spatial,16,Pool,60.0,23.783,0.396,0.049,21.0,7.909,12.3,4.985,11.5,4.998,15.2,5.892,0,
451,16,NSF,A,Spatial,15,Pool,8.7,2.868,0.331,0.196,1.9,0.563,5.5,1.930,1.0,0.285,0.3,0.090,1,3.93
452,16,NSF,A,Spatial,16,Pool,8.5,3.076,0.362,0.263,1.5,0.439,3.7,1.273,2.1,0.975,1.2,0.390,1,5.19
453,17,NSF,A,Spatial,15,Pool,24.1,8.829,0.366,0.139,5.5,1.962,8.9,3.168,6.3,2.411,3.4,1.289,1,14.99
454,17,NSF,A,Spatial,16,Pool,3.4,1.130,0.337,0.868,0.8,0.243,2.5,0.887,0.0,0.000,0.0,0.000,1,0.30
455,18,NSF,A,Spatial,15,Pool,6.8,1.981,0.292,0.612,0.9,0.226,0.0,0.000,3.4,0.992,2.4,0.764,1,2.41
456,18,NSF,A,Spatial,16,Pool,7.1,1.998,0.282,0.445,3.5,0.875,0.0,0.000,0.0,0.000,3.6,1.123,1,1.55
457,19,NSF,A,Spatial,15,Pool,27.0,9.517,0.353,0.121,4.1,1.384,3.7,1.391,8.9,3.193,10.1,3.549,1,16.88
458,19,NSF,A,Spatial,16,Pool,41.0,13.583,0.331,0.068,9.5,3.122,9.0,2.854,14.1,4.575,8.4,3.033,1,27.02
459,20,NSF,A,Spatial,15,Pool,8.9,2.105,0.235,0.487,3.7,0.946,0.0,0.000,0.0,0.000,5.2,1.159,1,3.52
460,20,NSF,A,Spatial,16,Pool,15.8,5.930,0.375,0.192,5.1,1.944,2.9,1.129,5.8,2.051,2.0,0.805,1,8.10
461,21,NSF,A,Spatial,15,Pool,7.6,2.418,0.319,0.324,1.1,0.252,4.1,1.461,2.4,0.705,0.0,0.000,1,4.49
462,21,NSF,A,Spatial,16,Pool,6.4,2.376,0.370,0.433,1.9,0.645,1.5,0.336,1.8,0.875,1.2,0.519,1,1.98
463,22,NSF,A,Spatial,15,Pool,6.4,2.377,0.372,0.148,3.4,1.167,3.0,1.210,0.0,0.000,0.0,0.000,1,2.52
464,22,NSF,A,Spatial,16,Pool,5.7,1.885,0.329,0.413,4.4,1.448,0.0,0.000,0.0,0.000,1.3,0.437,1,1.11
465,23,NSF,A,Spatial,15,Pool,4.9,1.607,0.330,0.393,3.5,1.272,0.0,0.000,0.0,0.000,1.4,0.336,1,0.90
466,23,NSF,A,Spatial,16,Pool,37.0,12.375,0.335,0.079,17.4,5.420,1.7,0.597,0.0,0.000,17.9,6.359,1,14.46
467,24,NSF,A,Spatial,15,Pool,12.6,4.496,0.357,0.255,2.9,0.875,6.5,2.410,2.4,1.104,0.7,0.107,1,6.37
468,24,NSF,A,Spatial,16,Pool,6.2,2.207,0.357,0.484,2.4,0.763,2.3,1.045,1.5,0.400,0.0,0.000,1,2.32
469,25,NSF,A,Spatial,15,Pool,11.3,4.477,0.398,0.290,5.6,2.310,3.9,1.508,1.8,0.660,0.0,0.000,1,3.11
470,25,NSF,A,Spatial,16,Pool,11.1,4.126,0.371,0.223,3.6,1.263,0.0,0.000,0.0,0.000,7.5,2.863,1,4.74
471,26,NSF,A,Spatial,15,Pool,15.4,5.079,0.330,0.196,2.5,0.871,4.4,1.589,4.0,1.261,4.4,1.359,1,10.21
472,26,NSF,A,Spatial,16,Pool,15.6,5.606,0.360,0.232,4.4,1.515,4.5,1.689,3.2,1.231,3.5,1.171,1,6.96
473,27,NSF,A,Spatial,15,Pool,1.9,0.562,0.296,0.982,0.9,0.343,0.0,0.000,0.0,0.000,1.0,0.218,1,0.09
474,27,NSF,A,Spatial,16,Pool,1.8,0.468,0.254,0.838,1.8,0.468,0.0,0.000,0.0,0.000,0.0,0.000,1,0.05
475,28,NSF,A,Spatial,15,Pool,60.0,18.695,0.312,0.066,23.2,7.450,5.5,1.537,16.7,4.424,14.6,5.283,0,
476,28,NSF,A,Spatial,16,Pool,2.3,0.648,0.280,0.824,2.3,0.648,0.0,0.000,0.0,0.000,0.0,0.000,1,0.11
477,29,NSF,A,Spatial,15,Pool,7.4,2.557,0.346,0.366,2.0,0.690,3.9,1.514,0.4,0.081,1.1,0.272,1,3.03
478,29,NSF,A,Spatial,16,Pool,13.9,4.894,0.352,0.264,11.6,3.895,0.0,0.000,2.3,0.999,0.0,0.000,1,2.32
479,30,NSF,A,Spatial,15,Pool,5.3,2.071,0.389,0.470,0.9,0.293,0.0,0.000,2.7,1.102,1.7,0.675,1,2.99
480,30,NSF,A,Spatial,16,Pool,20.8,7.702,0.371,0.163,17.1,6.232,0.9,0.462,1.4,0.540,1.3,0.468,1,4.70
481,1,NSF,A,Spatial,17,Pool,8.3,2.493,0.299,0.461,2.4,0.746,1.3,0.568,2.8,0.763,1.7,0.416,1,2.69
482,1,NSF,A,Spatial,18,Pool,1.7,0.486,0.288,0.835,1.7,0.486,0.0,0.000,0.0,0.000,0.0,0.000,1,0.12
483,2,NSF,A,Spatial,17,Pool,9.1,3.131,0.346,0.177,4.3,1.480,4.8,1.651,0.0,0.000,0.0,0.000,1,3.84
484,2,NSF,A,Spatial,18,Pool,10.7,3.869,0.361,0.301,7.8,2.734,2.4,0.943,0.0,0.000,0.4,0.192,1,2.62
485,3,NSF,A,Spatial,17,Pool,7.5,2.170,0.289,0.309,6.4,1.793,1.1,0.377,0.0,0.000,0.0,0.000,1,1.55
486,3,NSF,A,Spatial,18,Pool,8.5,2.973,0.350,0.409,1.2,0.320,1.1,0.440,1.7,0.640,4.5,1.573,1,3.10
487,4,NSF,A,Spatial,17,Pool,37.2,8.455,0.227,0.118,10.3,2.936,24.1,4.511,1.1,0.434,1.7,0.574,1,18.12
488,4,NSF,A,Spatial,18,Pool,6.9,1.710,0.249,0.670,2.5,0.615,4.3,1.095,0.0,0.000,0.0,0.000,1,1.56
489,5,NSF,A,Spatial,17,Pool,10.2,3.592,0.353,0.252,3.3,1.149,0.0,0.000,2.1,0.791,4.7,1.653,1,5.02
490,5,NSF,A,Spatial,18,Pool,5.9,1.752,0.295,0.422,4.4,1.295,1.5,0.457,0.0,0.000,0.0,0.000,1,0.80
491,6,NSF,A,Spatial,17,Pool,8.9,3.003,0.337,0.108,7.0,2.202,0.0,0.000,0.0,0.000,1.9,0.800,1,2.52
492,6,NSF,A,Spatial,18,Pool,6.4,2.401,0.376,0.505,3.2,1.205,2.8,1.196,0.3,0.000,0.0,0.000,1,1.44
493,7,NSF,A,Spatial,17,Pool,4.2,1.417,0.341,0.524,3.1,1.096,1.1,0.322,0.0,0.000,0.0,0.000,1,0.56
494,7,NSF,A,Spatial,18,Pool,2.6,0.949,0.363,0.911,0.9,0.321,0.0,0.000,0.0,0.000,1.7,0.628,1,0.12
495,8,NSF,A,Spatial,17,Pool,8.2,2.750,0.337,0.390,4.0,1.339,3.2,1.278,0.9,0.133,0.0,0.000,1,2.88
496,8,NSF,A,Spatial,18,Pool,7.2,2.360,0.329,0.495,1.1,0.278,3.2,1.030,2.9,1.052,0.0,0.000,1,3.64
497,9,NSF,A,Spatial,17,Pool,60.0,20.317,0.339,0.048,12.4,3.733,7.4,2.903,11.8,4.449,28.4,9.231,0,
498,9,NSF,A,Spatial,18,Pool,60.0,17.833,0.297,0.073,19.2,4.870,14.3,4.374,8.1,2.362,18.3,6.226,0,
499,10,NSF,A,Spatial,17,Pool,2.8,0.991,0.356,0.642,0.8,0.266,0.0,0.000,0.0,0.000,2.0,0.725,1,0.60
500,10,NSF,A,Spatial,18,Pool,5.3,1.770,0.331,0.555,2.0,0.619,0.0,0.000,0.9,0.148,2.4,1.003,1,1.31
501,11,NSF,A,Spatial,17,Pool,8.3,2.693,0.323,0.346,4.6,1.530,0.6,0.110,1.7,0.586,1.4,0.467,1,2.11
502,11,NSF,A,Spatial,18,Pool,1.8,0.425,0.243,0.863,1.7,0.425,0.0,0.000,0.0,0.000,0.0,0.000,1,0.03
503,12,NSF,A,Spatial,17,Pool,38.7,14.075,0.364,0.039,17.9,6.316,5.9,2.408,6.7,2.569,8.1,2.782,1,21.22
504,12,NSF,A,Spatial,18,Pool,5.4,1.679,0.313,0.479,4.3,1.327,1.1,0.352,0.0,0.000,0.0,0.000,1,0.95
505,13,NSF,A,Spatial,17,Pool,26.4,8.547,0.324,0.109,4.5,1.398,13.1,4.101,7.7,2.589,1.1,0.460,1,18.41
506,13,NSF,A,Spatial,18,Pool,60.0,17.173,0.286,0.035,16.1,4.193,18.8,4.999,14.6,4.276,10.5,3.705,0,
507,14,NSF,A,Spatial,17,Pool,35.3,12.194,0.346,0.051,6.9,1.922,9.5,3.735,11.1,3.681,7.8,2.856,1,26.62
508,14,NSF,A,Spatial,18,Pool,60.0,18.750,0.312,0.073,17.1,5.532,16.0,4.822,12.7,3.804,14.3,4.592,0,
509,15,NSF,A,Spatial,17,Pool,10.1,3.547,0.353,0.117,5.1,1.661,1.1,0.381,0.5,0.214,3.3,1.291,1,3.76
510,15,NSF,A,Spatial,18,Pool,60.0,22.768,0.379,0.035,22.9,8.111,11.0,4.336,11.6,4.647,14.5,5.674,0,
511,16,NSF,A,Spatial,17,Pool,9.0,3.448,0.382,0.248,2.3,0.860,4.9,1.935,0.0,0.000,1.8,0.653,1,3.76
512,16,NSF,A,Spatial,18,Pool,2.9,1.048,0.363,0.811,0.9,0.303,1.9,0.745,0.0,0.000,0.0,0.000,1,0.44
513,17,NSF,A,Spatial,17,Pool,19.6,8.629,0.440,0.090,4.5,1.766,4.5,1.965,5.1,2.404,5.4,2.494,1,14.26
514,17,NSF,A,Spatial,18,Pool,4.6,1.728,0.377,0.648,2.0,0.770,2.6,0.959,0.0,0.000,0.0,0.000,1,1.12
515,18,NSF,A,Spatial,17,Pool,14.0,5.011,0.357,0.217,5.3,1.834,3.9,1.383,3.3,1.190,1.6,0.604,1,5.27
516,18,NSF,A,Spatial,18,Pool,3.6,1.113,0.313,0.796,2.1,0.583,1.4,0.530,0.0,0.000,0.0,0.000,1,0.11
517,19,NSF,A,Spatial,17,Pool,5.9,2.160,0.366,0.338,1.1,0.321,0.4,0.172,2.0,0.769,2.4,0.898,1,2.95
518,19,NSF,A,Spatial,18,Pool,14.7,5.161,0.352,0.198,2.2,0.681,0.0,0.000,2.5,0.838,10.0,3.642,1,7.16
519,20,NSF,A,Spatial,17,Pool,23.5,7.448,0.317,0.151,0.9,0.206,2.4,0.643,13.9,4.602,6.3,1.997,1,16.96
520,20,NSF,A,Spatial,18,Pool,12.3,3.817,0.310,0.167,5.1,1.494,5.2,1.655,0.0,0.000,2.0,0.668,1,4.88
521,21,NSF,A,Spatial,17,Pool,3.5,1.062,0.299,0.789,1.3,0.416,0.0,0.000,0.0,0.000,2.2,0.646,1,0.53
522,21,NSF,A,Spatial,18,Pool,21.9,7.407,0.338,0.043,13.6,4.460,4.0,1.297,0.3,0.088,4.1,1.562,1,7.10
523,22,NSF,A,Spatial,17,Pool,19.3,7.196,0.373,0.147,7.2,2.721,4.0,1.420,4.9,1.912,3.2,1.143,1,7.89
524,22,NSF,A,Spatial,18,Pool,12.1,4.047,0.334,0.196,4.9,1.474,4.0,1.431,2.5,0.954,0.7,0.187,1,4.85
525,23,NSF,A,Spatial,17,Pool,9.4,3.263,0.346,0.213,5.5,1.883,0.0,0.000,0.0,0.000,4.0,1.380,1,2.63
526,23,NSF,A,Spatial,18,Pool,3.4,1.193,0.349,0.921,1.2,0.387,2.2,0.806,0.0,0.000,0.0,0.000,1,0.19
527,24,NSF,A,Spatial,17,Pool,2.4,0.865,0.365,0.743,0.5,0.171,0.0,0.000,0.0,0.000,1.8,0.693,1,0.41
528,24,NSF,A,Spatial,18,Pool,3.6,1.424,0.396,0.823,0.9,0.297,0.0,0.000,2.1,0.887,0.5,0.240,1,0.57
529,25,NSF,A,Spatial,17,Pool,12.8,5.274,0.412,0.174,2.7,0.850,3.3,1.385,2.3,1.106,4.5,1.932,1,6.89
530,25,NSF,A,Spatial,18,Pool,7.3,2.597,0.357,0.442,3.6,1.083,0.0,0.000,2.1,0.922,1.6,0.592,1,1.68
531,26,NSF,A,Spatial,17,Pool,28.7,8.466,0.295,0.035,11.0,2.155,2.9,1.066,4.9,1.802,9.9,3.443,1,13.25
532,26,NSF,A,Spatial,18,Pool,1.8,0.536,0.293,0.994,0.9,0.262,0.0,0.000,0.0,0.000,0.9,0.274,1,0.01
533,27,NSF,A,Spatial,17,Pool,6.9,1.682,0.246,0.410,3.1,0.733,0.0,0.000,0.0,0.000,3.8,0.949,1,1.52
534,27,NSF,A,Spatial,18,Pool,16.9,6.075,0.360,0.181,2.9,0.955,1.2,0.477,4.7,1.750,8.0,2.894,1,8.80
535,28,NSF,A,Spatial,17,Pool,23.5,7.274,0.310,0.117,6.4,1.921,5.6,2.077,8.6,2.110,2.8,1.167,1,15.10
536,28,NSF,A,Spatial,18,Pool,4.2,1.314,0.314,0.402,4.2,1.314,0.0,0.000,0.0,0.000,0.0,0.000,1,0.53
537,29,NSF,A,Spatial,17,Pool,12.8,4.236,0.330,0.260,6.7,2.431,0.0,0.000,0.0,0.000,6.2,1.804,1,4.74
538,29,NSF,A,Spatial,18,Pool,23.9,8.446,0.354,0.146,6.7,2.343,5.4,2.100,9.8,3.528,2.0,0.475,1,13.53
539,30,NSF,A,Spatial,17,Pool,14.2,5.042,0.356,0.081,12.1,4.277,2.0,0.764,0.0,0.000,0.0,0.000,1,3.60
540,30,NSF,A,Spatial,18,Pool,8.1,2.616,0.322,0.404,5.7,1.814,0.0,0.000,0.0,0.000,2.4,0.802,1,1.37
541,1,NSF,A,Spatial,19,Pool,3.0,0.735,0.243,0.761,2.9,0.686,0.2,0.049,0.0,0.000,0.0,0.000,1,0.39
542,1,NSF,A,Spatial,20,Pool,4.3,1.236,0.290,0.333,4.2,1.236,0.0,0.000,0.0,0.000,0.0,0.000,1,0.74
543,2,NSF,A,Spatial,19,Pool,9.9,2.616,0.263,0.289,2.9,0.885,7.0,1.731,0.0,0.000,0.0,0.000,1,4.25
544,2,NSF,A,Spatial,20,Pool,11.7,3.950,0.337,0.233,10.0,3.409,0.0,0.000,0.0,0.000,1.7,0.542,1,2.46
545,3,NSF,A,Spatial,19,Pool,11.9,3.284,0.275,0.339,2.9,0.715,0.0,0.000,2.9,0.661,6.1,1.909,1,4.23
546,3,NSF,A,Spatial,20,Pool,4.4,1.421,0.327,0.787,2.0,0.546,0.3,0.000,2.0,0.875,0.0,0.000,1,0.28
547,4,NSF,A,Spatial,19,Pool,4.7,1.330,0.282,0.896,0.9,0.245,0.5,0.226,3.2,0.858,0.0,0.000,1,0.93
548,4,NSF,A,Spatial,20,Pool,19.8,6.384,0.322,0.084,10.0,2.739,2.7,1.138,3.2,1.080,3.9,1.428,1,11.49
549,5,NSF,A,Spatial,19,Pool,60.0,18.732,0.312,0.033,8.6,2.920,2.7,1.104,5.0,1.721,43.7,12.987,0,
550,5,NSF,A,Spatial,20,Pool,36.0,12.353,0.343,0.064,11.3,3.961,8.5,2.893,3.7,1.272,12.4,4.226,1,17.63
551,6,NSF,A,Spatial,19,Pool,12.5,3.614,0.290,0.253,3.6,1.065,8.5,2.442,0.4,0.107,0.0,0.000,1,5.51
552,6,NSF,A,Spatial,20,Pool,5.5,2.102,0.386,0.509,3.7,1.446,0.0,0.000,0.0,0.000,1.7,0.656,1,0.99
553,7,NSF,A,Spatial,19,Pool,2.7,0.933,0.343,0.657,0.8,0.268,0.0,0.000,0.0,0.000,1.9,0.665,1,0.54
554,7,NSF,A,Spatial,20,Pool,10.5,3.728,0.355,0.134,5.2,1.687,5.3,2.041,0.0,0.000,0.0,0.000,1,4.30
555,8,NSF,A,Spatial,19,Pool,53.0,16.314,0.308,0.078,23.2,7.267,8.8,2.337,12.2,3.851,8.8,2.859,1,29.84
556,8,NSF,A,Spatial,20,Pool,12.0,3.937,0.328,0.235,7.8,2.665,2.3,0.691,0.0,0.000,1.9,0.580,1,3.23
557,9,NSF,A,Spatial,19,Pool,60.0,17.476,0.291,0.090,31.6,8.418,8.0,2.678,4.4,1.567,16.0,4.813,0,
558,9,NSF,A,Spatial,20,Pool,52.7,14.436,0.274,0.066,18.1,4.771,2.4,0.794,10.1,2.911,22.0,5.960,1,29.94
559,10,NSF,A,Spatial,19,Pool,14.1,4.557,0.324,0.221,1.9,0.419,8.7,2.859,3.5,1.278,0.0,0.000,1,6.64
560,10,NSF,A,Spatial,20,Pool,10.5,3.065,0.291,0.139,10.5,3.065,0.0,0.000,0.0,0.000,0.0,0.000,1,1.83
561,11,NSF,A,Spatial,19,Pool,3.4,1.062,0.312,0.941,0.9,0.303,2.4,0.758,0.0,0.000,0.0,0.000,1,0.26
562,11,NSF,A,Spatial,20,Pool,2.0,0.480,0.239,0.936,2.0,0.480,0.0,0.000,0.0,0.000,0.0,0.000,1,0.04
563,12,NSF,A,Spatial,19,Pool,60.0,20.708,0.345,0.036,15.7,5.111,5.6,2.408,11.4,4.521,27.3,8.668,0,
564,12,NSF,A,Spatial,20,Pool,33.6,12.987,0.387,0.054,11.1,4.309,9.7,3.518,4.9,2.094,7.9,3.065,1,19.40
565,13,NSF,A,Spatial,19,Pool,10.1,2.695,0.268,0.431,1.1,0.341,0.0,0.000,8.4,2.133,0.5,0.222,1,6.87
566,13,NSF,A,Spatial,20,Pool,17.5,5.738,0.328,0.199,4.4,1.555,2.7,1.043,5.3,1.324,5.1,1.817,1,11.70
567,14,NSF,A,Spatial,19,Pool,53.5,17.310,0.323,0.055,14.8,4.890,10.6,3.601,13.9,3.947,14.3,4.872,1,37.70
568,14,NSF,A,Spatial,20,Pool,60.0,14.990,0.250,0.108,12.1,3.881,11.3,3.705,27.8,4.554,8.8,2.851,0,
569,15,NSF,A,Spatial,19,Pool,19.3,6.205,0.322,0.114,3.9,1.146,14.1,4.665,1.2,0.394,0.0,0.000,1,10.67
570,15,NSF,A,Spatial,20,Pool,60.0,21.256,0.354,0.063,21.8,7.505,8.3,3.125,8.1,2.539,21.8,8.086,0,
571,16,NSF,A,Spatial,19,Pool,4.8,1.635,0.338,0.758,1.1,0.348,1.5,0.651,2.3,0.636,0.0,0.000,1,1.45
572,16,NSF,A,Spatial,20,Pool,3.4,1.401,0.413,0.658,0.9,0.342,2.4,1.059,0.0,0.000,0.0,0.000,1,0.98
573,17,NSF,A,Spatial,19,Pool,4.1,1.441,0.354,0.765,0.9,0.309,3.1,1.132,0.0,0.000,0.0,0.000,1,1.05
574,17,NSF,A,Spatial,20,Pool,20.8,7.604,0.366,0.165,9.5,3.265,4.1,1.633,3.1,1.309,4.1,1.397,1,7.86
575,18,NSF,A,Spatial,19,Pool,6.4,2.021,0.316,0.262,5.9,1.956,0.0,0.000,0.0,0.000,0.5,0.065,1,1.05
576,18,NSF,A,Spatial,20,Pool,19.6,6.102,0.312,0.206,8.1,2.291,4.8,1.474,3.3,1.075,3.3,1.262,1,7.44
577,19,NSF,A,Spatial,19,Pool,31.7,10.442,0.330,0.104,4.0,1.182,1.9,0.510,10.8,3.823,14.9,4.927,1,21.18
578,19,NSF,A,Spatial,20,Pool,10.4,3.396,0.326,0.256,2.8,0.795,0.0,0.000,1.6,0.609,6.0,1.992,1,4.36
579,20,NSF,A,Spatial,19,Pool,7.3,2.484,0.340,0.215,3.8,1.226,0.0,0.000,0.0,0.000,3.5,1.257,1,3.08
580,20,NSF,A,Spatial,20,Pool,60.0,22.939,0.382,0.022,19.7,7.355,19.9,7.409,10.8,4.189,9.6,3.987,0,
581,21,NSF,A,Spatial,19,Pool,3.3,0.813,0.249,0.587,2.2,0.682,1.1,0.131,0.0,0.000,0.0,0.000,1,0.83
582,21,NSF,A,Spatial,20,Pool,16.9,6.020,0.357,0.203,8.8,2.953,1.7,0.664,1.5,0.589,4.8,1.814,1,3.71
583,22,NSF,A,Spatial,19,Pool,17.1,5.374,0.314,0.178,7.2,2.257,5.6,1.873,0.0,0.000,4.4,1.245,1,5.76
584,22,NSF,A,Spatial,20,Pool,3.0,0.956,0.322,0.847,1.5,0.451,0.0,0.000,0.0,0.000,1.5,0.505,1,0.30
585,23,NSF,A,Spatial,19,Pool,5.5,2.043,0.370,0.288,3.0,0.932,0.0,0.000,0.0,0.000,2.5,1.111,1,1.67
586,23,NSF,A,Spatial,20,Pool,2.5,0.774,0.311,0.904,1.1,0.317,1.4,0.457,0.0,0.000,0.0,0.000,1,0.08
587,24,NSF,A,Spatial,19,Pool,26.0,8.433,0.324,0.137,13.1,4.421,9.5,2.779,1.1,0.305,2.4,0.928,1,9.46
588,24,NSF,A,Spatial,20,Pool,4.0,1.188,0.294,0.522,1.2,0.399,2.8,0.790,0.0,0.000,0.0,0.000,1,1.29
589,25,NSF,A,Spatial,19,Pool,29.0,9.633,0.333,0.127,8.9,3.238,8.8,2.793,6.9,2.146,4.3,1.456,1,12.52
590,25,NSF,A,Spatial,20,Pool,12.1,4.093,0.338,0.191,10.0,3.404,0.0,0.000,0.0,0.000,2.1,0.689,1,2.51
591,26,NSF,A,Spatial,19,Pool,6.8,2.532,0.373,0.509,1.7,0.576,2.1,0.914,2.9,1.042,0.0,0.000,1,2.90
592,26,NSF,A,Spatial,20,Pool,39.3,13.196,0.336,0.077,8.3,2.584,11.6,3.948,13.5,4.672,5.9,1.992,1,26.28
593,27,NSF,A,Spatial,19,Pool,9.6,2.481,0.258,0.351,1.3,0.325,0.0,0.000,2.5,0.640,5.8,1.516,1,4.27
594,27,NSF,A,Spatial,20,Pool,10.0,3.367,0.336,0.392,6.0,1.990,0.4,0.158,3.2,1.054,0.4,0.165,1,2.31
595,28,NSF,A,Spatial,19,Pool,12.0,3.847,0.322,0.134,3.8,1.028,8.1,2.819,0.0,0.000,0.0,0.000,1,5.24
596,28,NSF,A,Spatial,20,Pool,12.5,4.067,0.326,0.099,10.7,3.598,0.0,0.000,0.0,0.000,1.7,0.469,1,3.60
597,29,NSF,A,Spatial,19,Pool,11.9,4.164,0.350,0.241,1.9,0.612,10.0,3.551,0.0,0.000,0.0,0.000,1,5.04
598,29,NSF,A,Spatial,20,Pool,6.5,2.572,0.397,0.433,4.0,1.560,0.0,0.000,1.3,0.412,1.2,0.600,1,1.16
599,30,NSF,A,Spatial,19,Pool,3.1,1.230,0.395,0.934,1.1,0.369,0.5,0.258,1.5,0.603,0.0,0.000,1,0.09
600,30,NSF,A,Spatial,20,Pool,3.6,0.638,0.177,0.942,1.0,0.323,0.0,0.000,0.0,0.000,2.6,0.316,1,0.54
601,1,NSF,A,Spatial,21,Pool,3.8,1.120,0.295,0.798,1.3,0.355,2.4,0.765,0.0,0.000,0.0,0.000,1,0.51
602,1,NSF,A,Spatial,22,Pool,4.1,1.198,0.291,0.355,4.1,1.198,0.0,0.000,0.0,0.000,0.0,0.000,1,0.71
603,2,NSF,A,Spatial,21,Pool,6.5,2.065,0.317,0.601,1.7,0.475,0.0,0.000,3.8,1.346,1.0,0.243,1,1.90
604,2,NSF,A,Spatial,22,Pool,2.1,0.377,0.178,0.967,2.1,0.377,0.0,0.000,0.0,0.000,0.0,0.000,1,0.15
605,3,NSF,A,Spatial,21,Pool,9.4,2.970,0.317,0.398,6.3,1.847,0.0,0.000,2.2,0.899,0.9,0.224,1,1.33
606,3,NSF,A,Spatial,22,Pool,1.7,0.504,0.300,0.873,1.7,0.504,0.0,0.000,0.0,0.000,0.0,0.000,1,0.08
607,4,NSF,A,Spatial,21,Pool,7.5,1.991,0.265,0.563,2.4,0.610,0.0,0.000,3.1,0.881,2.0,0.500,1,1.57
608,4,NSF,A,Spatial,22,Pool,5.1,1.484,0.288,0.747,2.5,0.554,2.6,0.929,0.0,0.000,0.0,0.000,1,0.39
609,5,NSF,A,Spatial,21,Pool,1.3,0.457,0.352,0.992,1.3,0.457,0.0,0.000,0.0,0.000,0.0,0.000,1,0.02
610,5,NSF,A,Spatial,22,Pool,9.1,3.303,0.364,0.351,2.1,0.671,3.6,1.530,2.5,0.882,0.8,0.220,1,3.55
611,6,NSF,A,Spatial,21,Pool,14.7,3.995,0.272,0.175,6.7,1.761,0.0,0.000,0.0,0.000,8.0,2.234,1,5.03
612,6,NSF,A,Spatial,22,Pool,16.1,5.650,0.350,0.141,5.6,1.711,8.5,3.164,2.0,0.775,0.0,0.000,1,7.06
613,7,NSF,A,Spatial,21,Pool,6.2,2.459,0.394,0.527,2.0,0.610,2.0,0.862,2.2,0.987,0.0,0.000,1,1.79
614,7,NSF,A,Spatial,22,Pool,14.8,5.368,0.363,0.080,9.8,3.508,3.7,1.374,0.7,0.273,0.5,0.213,1,5.02
615,8,NSF,A,Spatial,21,Pool,8.2,2.837,0.344,0.440,4.1,1.304,2.3,0.911,1.8,0.623,0.0,0.000,1,2.19
616,8,NSF,A,Spatial,22,Pool,4.6,1.613,0.347,0.358,0.8,0.189,0.0,0.000,0.0,0.000,3.8,1.424,1,2.03
617,9,NSF,A,Spatial,21,Pool,6.0,2.353,0.391,0.303,1.3,0.529,2.9,1.130,1.5,0.572,0.3,0.121,1,2.13
618,9,NSF,A,Spatial,22,Pool,19.5,7.328,0.376,0.171,8.1,2.726,2.3,0.999,3.9,1.274,5.2,2.329,1,8.39
619,10,NSF,A,Spatial,21,Pool,28.3,8.821,0.312,0.114,10.0,2.808,15.5,4.995,2.8,1.018,0.0,0.000,1,11.35
620,10,NSF,A,Spatial,22,Pool,15.3,5.285,0.345,0.135,9.2,3.233,0.0,0.000,0.5,0.145,5.6,1.906,1,5.01
621,11,NSF,A,Spatial,21,Pool,1.9,0.586,0.309,0.909,1.9,0.586,0.0,0.000,0.0,0.000,0.0,0.000,1,0.12
622,11,NSF,A,Spatial,22,Pool,8.4,3.042,0.361,0.206,5.5,1.962,0.0,0.000,0.0,0.000,2.9,1.080,1,2.11
623,12,NSF,A,Spatial,21,Pool,12.1,4.046,0.336,0.287,4.7,1.382,1.2,0.484,6.2,2.180,0.0,0.000,1,5.92
624,12,NSF,A,Spatial,22,Pool,5.3,1.730,0.327,0.452,2.8,0.924,2.5,0.806,0.0,0.000,0.0,0.000,1,0.96
625,13,NSF,A,Spatial,21,Pool,7.1,2.009,0.283,0.442,4.5,1.097,1.9,0.632,0.2,0.069,0.5,0.211,1,1.40
626,13,NSF,A,Spatial,22,Pool,24.3,8.040,0.331,0.078,7.5,2.141,1.5,0.582,8.4,2.867,6.9,2.450,1,14.82
627,14,NSF,A,Spatial,21,Pool,3.0,1.143,0.378,0.895,0.9,0.394,0.0,0.000,2.1,0.749,0.0,0.000,1,0.37
628,14,NSF,A,Spatial,22,Pool,60.0,15.479,0.258,0.038,7.9,2.634,6.7,2.225,24.6,5.403,20.8,5.217,0,
629,15,NSF,A,Spatial,21,Pool,25.5,9.685,0.380,0.132,2.8,1.015,5.1,2.049,12.1,4.151,5.6,2.470,1,18.52
630,15,NSF,A,Spatial,22,Pool,58.1,17.856,0.307,0.035,17.2,5.747,16.5,4.404,5.3,2.190,19.1,5.515,1,38.25
631,16,NSF,A,Spatial,21,Pool,7.4,2.924,0.397,0.358,1.6,0.466,1.7,0.765,2.3,1.068,1.7,0.625,1,4.22
632,16,NSF,A,Spatial,22,Pool,18.7,6.903,0.368,0.171,3.9,1.171,9.2,3.361,4.5,1.882,1.2,0.488,1,10.47
633,17,NSF,A,Spatial,21,Pool,13.8,5.221,0.377,0.249,6.1,2.063,2.0,0.820,2.7,1.043,3.1,1.295,1,4.77
634,17,NSF,A,Spatial,22,Pool,3.8,1.347,0.353,0.431,1.1,0.310,0.0,0.000,0.0,0.000,2.8,1.037,1,1.12
635,18,NSF,A,Spatial,21,Pool,8.7,2.604,0.300,0.385,3.6,0.916,0.0,0.000,0.0,0.000,5.1,1.688,1,2.36
636,18,NSF,A,Spatial,22,Pool,4.5,1.542,0.343,0.629,0.9,0.234,1.2,0.354,1.2,0.479,1.2,0.474,1,1.19
637,19,NSF,A,Spatial,21,Pool,16.8,5.314,0.316,0.176,3.3,0.892,4.9,1.532,5.1,1.793,3.5,1.097,1,8.51
638,19,NSF,A,Spatial,22,Pool,14.4,4.293,0.298,0.190,1.8,0.477,0.0,0.000,1.1,0.376,11.5,3.441,1,6.24
639,20,NSF,A,Spatial,21,Pool,15.4,4.897,0.317,0.272,4.0,1.088,0.0,0.000,4.6,1.311,6.8,2.499,1,7.58
640,20,NSF,A,Spatial,22,Pool,5.3,1.445,0.273,0.662,2.8,0.847,2.5,0.598,0.0,0.000,0.0,0.000,1,1.28
641,21,NSF,A,Spatial,21,Pool,4.4,1.262,0.289,0.436,4.3,1.262,0.0,0.000,0.0,0.000,0.0,0.000,1,0.68
642,21,NSF,A,Spatial,22,Pool,5.6,1.802,0.323,0.441,2.7,0.843,0.0,0.000,0.0,0.000,2.9,0.959,1,0.97
643,22,NSF,A,Spatial,21,Pool,39.5,11.582,0.293,0.083,8.8,2.628,15.7,4.461,4.7,1.338,10.3,3.155,1,17.58
644,22,NSF,A,Spatial,22,Pool,2.5,0.749,0.297,0.751,2.5,0.749,0.0,0.000,0.0,0.000,0.0,0.000,1,0.24
645,23,NSF,A,Spatial,21,Pool,5.5,1.951,0.356,0.428,3.0,1.048,1.4,0.593,0.0,0.000,1.1,0.310,1,0.82
646,23,NSF,A,Spatial,22,Pool,2.5,0.885,0.348,0.770,0.9,0.274,0.0,0.000,0.0,0.000,1.6,0.611,1,0.32
647,24,NSF,A,Spatial,21,Pool,10.0,3.132,0.314,0.357,4.8,1.432,3.5,1.115,1.7,0.586,0.0,0.000,1,2.27
648,24,NSF,A,Spatial,22,Pool,9.1,3.307,0.362,0.268,4.5,1.764,2.7,0.842,0.0,0.000,1.9,0.701,1,3.41
649,25,NSF,A,Spatial,21,Pool,6.5,2.668,0.410,0.217,5.0,2.120,0.0,0.000,0.0,0.000,1.5,0.548,1,1.40
650,25,NSF,A,Spatial,22,Pool,13.5,4.564,0.339,0.186,9.1,3.040,4.4,1.525,0.0,0.000,0.0,0.000,1,2.49
651,26,NSF,A,Spatial,21,Pool,22.1,7.563,0.343,0.150,4.9,1.615,6.7,2.458,8.0,2.773,2.4,0.716,1,12.62
652,26,NSF,A,Spatial,22,Pool,4.8,1.692,0.351,0.582,2.4,0.765,2.4,0.928,0.0,0.000,0.0,0.000,1,1.14
653,27,NSF,A,Spatial,21,Pool,17.8,3.870,0.218,0.168,13.0,2.133,4.8,1.738,0.0,0.000,0.0,0.000,1,4.09
654,27,NSF,A,Spatial,22,Pool,5.6,1.588,0.281,0.300,1.7,0.443,0.0,0.000,0.0,0.000,3.9,1.145,1,1.71
655,28,NSF,A,Spatial,21,Pool,20.9,7.651,0.365,0.090,5.2,1.760,6.2,2.361,4.5,1.392,5.0,2.137,1,11.41
656,28,NSF,A,Spatial,22,Pool,6.9,2.520,0.364,0.351,2.5,0.897,2.8,1.018,0.0,0.000,1.6,0.605,1,1.89
657,29,NSF,A,Spatial,21,Pool,6.1,1.961,0.321,0.618,2.9,0.877,0.0,0.000,0.7,0.108,2.5,0.976,1,1.19
658,29,NSF,A,Spatial,22,Pool,13.1,5.089,0.390,0.231,2.9,0.989,9.2,3.741,0.9,0.360,0.0,0.000,1,6.54
659,30,NSF,A,Spatial,21,Pool,2.7,0.876,0.325,0.757,1.6,0.536,1.1,0.340,0.0,0.000,0.0,0.000,1,0.25
660,30,NSF,A,Spatial,22,Pool,3.0,1.264,0.428,0.965,0.8,0.313,0.4,0.204,1.7,0.748,0.0,0.000,1,0.20
661,1,NSF,A,Spatial,23,Pool,1.5,0.426,0.279,0.973,1.5,0.426,0.0,0.000,0.0,0.000,0.0,0.000,1,0.03
662,1,NSF,A,Spatial,24,Pool,11.1,3.621,0.327,0.326,5.5,1.643,0.0,0.000,3.3,1.140,2.3,0.837,1,3.42
663,2,NSF,A,Spatial,23,Pool,5.0,1.278,0.257,0.466,4.0,0.976,0.0,0.000,0.0,0.000,0.9,0.303,1,0.33
664,2,NSF,A,Spatial,24,Pool,7.7,2.008,0.261,0.370,6.8,1.746,0.9,0.261,0.0,0.000,0.0,0.000,1,0.85
665,3,NSF,A,Spatial,23,Pool,5.1,1.508,0.296,0.277,1.1,0.252,0.0,0.000,0.0,0.000,4.0,1.257,1,1.98
666,3,NSF,A,Spatial,24,Pool,2.9,0.987,0.346,0.870,1.2,0.364,1.6,0.623,0.0,0.000,0.0,0.000,1,0.18
667,4,NSF,A,Spatial,23,Pool,5.4,1.583,0.296,0.654,1.3,0.334,2.1,0.614,1.9,0.636,0.0,0.000,1,0.73
668,4,NSF,A,Spatial,24,Pool,5.1,1.577,0.308,0.745,2.4,0.595,2.7,0.982,0.0,0.000,0.0,0.000,1,0.69
669,5,NSF,A,Spatial,23,Pool,4.1,1.222,0.301,0.499,3.1,0.999,1.0,0.223,0.0,0.000,0.0,0.000,1,0.45
670,5,NSF,A,Spatial,24,Pool,1.5,0.438,0.289,0.977,1.5,0.438,0.0,0.000,0.0,0.000,0.0,0.000,1,0.05
671,6,NSF,A,Spatial,23,Pool,8.5,2.588,0.304,0.334,2.8,0.824,5.7,1.764,0.0,0.000,0.0,0.000,1,2.40
672,6,NSF,A,Spatial,24,Pool,14.8,3.537,0.239,0.190,10.3,3.248,0.0,0.000,0.0,0.000,4.5,0.289,1,3.95
673,7,NSF,A,Spatial,23,Pool,17.8,5.569,0.312,0.231,10.9,3.306,2.2,0.584,2.9,1.162,1.9,0.518,1,4.55
674,7,NSF,A,Spatial,24,Pool,5.3,1.759,0.332,0.291,2.5,0.737,2.8,1.022,0.0,0.000,0.0,0.000,1,1.79
675,8,NSF,A,Spatial,23,Pool,9.0,3.134,0.349,0.306,2.0,0.609,0.0,0.000,2.8,1.139,4.2,1.387,1,4.20
676,8,NSF,A,Spatial,24,Pool,14.6,5.328,0.366,0.226,3.8,1.170,3.7,1.518,5.1,1.832,2.0,0.808,1,7.28
677,9,NSF,A,Spatial,23,Pool,9.4,3.449,0.366,0.270,4.1,1.223,0.0,0.000,0.9,0.254,4.4,1.972,1,2.69
678,9,NSF,A,Spatial,24,Pool,5.1,1.719,0.339,0.339,1.1,0.329,4.0,1.390,0.0,0.000,0.0,0.000,1,2.57
679,10,NSF,A,Spatial,23,Pool,16.6,5.085,0.306,0.106,8.0,2.254,4.5,1.307,0.0,0.000,4.1,1.524,1,7.15
680,10,NSF,A,Spatial,24,Pool,8.8,2.733,0.309,0.418,3.9,1.100,0.0,0.000,1.5,0.494,3.5,1.139,1,2.04
681,11,NSF,A,Spatial,23,Pool,5.4,1.779,0.328,0.671,3.2,0.911,2.2,0.868,0.0,0.000,0.0,0.000,1,0.44
682,11,NSF,A,Spatial,24,Pool,6.0,1.785,0.300,0.439,2.0,0.616,0.0,0.000,0.0,0.000,3.9,1.169,1,1.35
683,12,NSF,A,Spatial,23,Pool,13.0,4.779,0.369,0.267,5.6,2.033,0.5,0.235,3.3,1.049,3.5,1.463,1,5.05
684,12,NSF,A,Spatial,24,Pool,15.0,4.023,0.268,0.219,2.9,0.886,12.0,3.137,0.0,0.000,0.0,0.000,1,5.85
685,13,NSF,A,Spatial,23,Pool,3.2,1.065,0.329,0.952,1.5,0.438,0.5,0.225,1.2,0.401,0.0,0.000,1,0.10
686,13,NSF,A,Spatial,24,Pool,11.4,3.430,0.300,0.130,5.9,1.567,1.7,0.606,1.2,0.385,2.5,0.872,1,4.02
687,14,NSF,A,Spatial,23,Pool,47.1,13.397,0.285,0.077,13.1,4.145,9.7,3.130,9.9,2.161,14.4,3.961,1,30.57
688,14,NSF,A,Spatial,24,Pool,3.7,0.822,0.222,0.556,3.7,0.822,0.0,0.000,0.0,0.000,0.0,0.000,1,0.15
689,15,NSF,A,Spatial,23,Pool,11.3,2.948,0.260,0.300,1.1,0.270,10.2,2.678,0.0,0.000,0.0,0.000,1,6.50
690,15,NSF,A,Spatial,24,Pool,7.7,2.631,0.340,0.250,2.5,0.769,0.0,0.000,0.0,0.000,5.2,1.862,1,3.35
691,16,NSF,A,Spatial,23,Pool,4.3,1.445,0.340,0.789,1.5,0.397,0.0,0.000,2.4,0.898,0.4,0.150,1,0.51
692,16,NSF,A,Spatial,24,Pool,2.9,0.834,0.287,0.615,0.8,0.224,2.1,0.611,0.0,0.000,0.0,0.000,1,0.59
693,17,NSF,A,Spatial,23,Pool,18.3,6.101,0.333,0.220,6.4,1.850,1.3,0.524,2.5,0.894,8.1,2.833,1,6.84
694,17,NSF,A,Spatial,24,Pool,4.1,1.455,0.358,0.569,1.3,0.368,0.0,0.000,0.0,0.000,2.7,1.087,1,1.15
695,18,NSF,A,Spatial,23,Pool,11.1,3.183,0.287,0.366,3.6,1.076,4.9,1.250,1.1,0.228,1.5,0.628,1,2.50
696,18,NSF,A,Spatial,24,Pool,2.0,0.494,0.252,0.923,1.9,0.494,0.0,0.000,0.0,0.000,0.0,0.000,1,0.07
697,19,NSF,A,Spatial,23,Pool,2.3,0.583,0.258,0.848,0.9,0.298,0.0,0.000,0.0,0.000,1.3,0.285,1,0.17
698,19,NSF,A,Spatial,24,Pool,14.5,5.228,0.361,0.199,4.6,1.343,4.1,1.482,3.6,1.627,2.1,0.777,1,6.14
699,20,NSF,A,Spatial,23,Pool,4.1,1.147,0.280,0.448,2.4,0.510,1.7,0.637,0.0,0.000,0.0,0.000,1,1.20
700,20,NSF,A,Spatial,24,Pool,4.6,1.614,0.350,0.755,1.0,0.327,0.0,0.000,0.0,0.000,3.6,1.287,1,1.04
701,21,NSF,A,Spatial,23,Pool,4.0,1.265,0.319,0.731,2.4,0.723,1.5,0.542,0.0,0.000,0.0,0.000,1,0.30
702,21,NSF,A,Spatial,24,Pool,7.5,2.498,0.332,0.233,4.9,1.719,0.0,0.000,0.0,0.000,2.6,0.779,1,2.07
703,22,NSF,A,Spatial,23,Pool,22.8,8.129,0.356,0.137,1.0,0.279,14.4,5.354,7.1,2.428,0.4,0.068,1,12.74
704,22,NSF,A,Spatial,24,Pool,7.7,2.550,0.331,0.416,1.3,0.407,1.6,0.540,2.4,0.719,2.3,0.884,1,2.74
705,23,NSF,A,Spatial,23,Pool,3.5,1.230,0.352,0.275,2.8,1.027,0.7,0.203,0.0,0.000,0.0,0.000,1,1.01
706,23,NSF,A,Spatial,24,Pool,2.3,0.903,0.397,0.980,0.8,0.311,0.0,0.000,0.0,0.000,1.5,0.592,1,0.12
707,24,NSF,A,Spatial,23,Pool,5.6,2.080,0.373,0.605,2.9,0.993,0.9,0.470,1.7,0.617,0.0,0.000,1,0.91
708,24,NSF,A,Spatial,24,Pool,3.7,1.348,0.369,0.720,2.1,0.741,1.5,0.606,0.0,0.000,0.0,0.000,1,0.35
709,25,NSF,A,Spatial,23,Pool,4.7,1.925,0.407,0.524,1.5,0.505,0.5,0.244,1.5,0.732,1.3,0.444,1,1.64
710,25,NSF,A,Spatial,24,Pool,9.0,3.358,0.372,0.331,2.8,0.932,2.9,1.293,1.2,0.423,2.1,0.711,1,2.19
711,26,NSF,A,Spatial,23,Pool,8.9,3.847,0.434,0.145,1.0,0.311,2.8,1.181,2.4,1.149,2.7,1.205,1,6.61
712,26,NSF,A,Spatial,24,Pool,12.7,5.369,0.421,0.168,4.1,1.648,3.3,1.362,2.7,1.159,2.7,1.200,1,6.97
713,27,NSF,A,Spatial,23,Pool,7.6,2.206,0.289,0.442,2.3,0.674,4.6,1.344,0.0,0.000,0.8,0.188,1,1.66
714,27,NSF,A,Spatial,24,Pool,1.8,0.438,0.242,0.850,1.8,0.438,0.0,0.000,0.0,0.000,0.0,0.000,1,0.05
715,28,NSF,A,Spatial,23,Pool,24.4,8.735,0.358,0.065,11.2,3.950,9.6,3.404,1.7,0.596,1.9,0.785,1,8.68
716,28,NSF,A,Spatial,24,Pool,12.8,4.081,0.319,0.166,5.6,1.857,0.0,0.000,0.0,0.000,7.2,2.224,1,4.96
717,29,NSF,A,Spatial,23,Pool,6.4,2.117,0.330,0.593,1.3,0.466,0.2,0.063,3.6,1.218,1.3,0.369,1,1.88
718,29,NSF,A,Spatial,24,Pool,8.3,2.920,0.354,0.260,1.5,0.546,6.8,2.374,0.0,0.000,0.0,0.000,1,2.88
719,30,NSF,A,Spatial,23,Pool,6.9,2.351,0.341,0.449,4.0,1.285,0.0,0.000,0.9,0.219,2.0,0.847,1,1.27
720,30,NSF,A,Spatial,24,Pool,21.2,7.010,0.330,0.084,11.6,3.798,6.6,2.095,0.0,0.000,3.1,1.117,1,7.11
